id,row,col,building_type,norm,alive_percent,resilience
0,0,0,residential,1.0,21.1111,0.195968
1,0,1,residential,1.0,29.5833,0.248957
2,0,2,residential,1.0,31.1111,0.303076
3,0,3,residential,1.0,41.25,0.403305
4,0,4,residential,1.0,44.4444,0.434794
5,0,5,residential,1.0,44.3056,0.436594
6,0,6,residential,1.0,43.8889,0.422907
7,0,7,residential,1.0,32.7778,0.318856
8,0,8,residential,1.0,19.4444,0.126626
9,0,9,residential,1.0,21.25,0.181166
10,0,10,residential,1.0,20.4167,0.196901
11,0,11,residential,1.0,20.4167,0.137214
12,0,12,residential,1.0,24.1667,0.202513
13,0,13,residential,1.0,25.2778,0.239245
14,0,14,residential,1.0,25.1389,0.197408
15,0,15,residential,1.0,36.9444,0.347096
16,0,16,residential,1.0,37.2222,0.339736
17,0,17,residential,1.0,38.4722,0.373956
18,0,18,residential,1.0,37.6389,0.361562
19,0,19,residential,1.0,29.7222,0.284496
20,0,20,residential,1.0,21.25,0.16665
21,0,21,residential,1.0,25.0,0.212494
22,0,22,residential,1.0,37.9167,0.361223
23,0,23,residential,1.0,32.2222,0.304084
24,0,24,residential,1.0,20.9722,0.160577
25,0,25,residential,1.0,19.4444,0.106253
26,0,26,residential,1.0,21.1111,0.150857
27,0,27,residential,1.0,24.3056,0.234576
28,0,28,residential,1.0,25.5556,0.23268
29,0,29,residential,1.0,25.4167,0.244023
30,0,30,residential,1.0,21.3889,0.176422
31,0,31,residential,1.0,20.8333,0.197733
32,0,32,residential,1.0,20.4167,0.139239
33,0,33,residential,1.0,26.25,0.224422
34,0,34,residential,1.0,30.5556,0.292364
35,0,35,residential,1.0,30.6944,0.29311
36,1,0,residential,1.0,20.2778,0.134086
37,1,1,residential,1.0,22.3611,0.179279
38,1,2,residential,1.0,29.5833,0.28435
39,1,3,residential,1.0,29.3056,0.262225
40,1,4,residential,1.0,41.25,0.405745
41,1,5,residential,1.0,43.8889,0.425344
42,1,6,residential,1.0,32.7778,0.31887
43,1,7,residential,1.0,20.6944,0.164634
44,1,8,residential,1.0,26.3889,0.251402
45,1,9,residential,1.0,22.5,0.21555
46,1,10,residential,1.0,21.3889,0.172477
47,1,11,residential,1.0,23.3333,0.219577
48,1,12,residential,1.0,26.5278,0.247291
49,1,13,residential,1.0,27.3611,0.254755
50,1,14,residential,1.0,36.5278,0.350623
51,1,15,residential,1.0,38.4722,0.370065
52,1,16,residential,1.0,37.6389,0.355684
53,1,17,residential,1.0,37.5,0.351128
54,1,18,residential,1.0,29.7222,0.26038
55,1,19,residential,1.0,25.2778,0.243416
56,1,20,residential,1.0,24.1667,0.199619
57,1,21,residential,1.0,37.9167,0.350142
58,1,22,residential,1.0,38.8889,0.380063
59,1,23,residential,1.0,38.0556,0.364395
60,1,24,residential,1.0,32.3611,0.313696
61,1,25,residential,1.0,24.7222,0.214228
62,1,26,residential,1.0,20.6944,0.161059
63,1,27,residential,1.0,30.2778,0.288043
64,1,28,residential,1.0,26.25,0.228035
65,1,29,residential,1.0,25.9722,0.231844
66,1,30,residential,1.0,24.4444,0.226323
67,1,31,residential,1.0,20.5556,0.198568
68,1,32,residential,1.0,20.4167,0.195514
69,1,33,residential,1.0,24.5833,0.196339
70,1,34,residential,1.0,27.6389,0.26555
71,1,35,residential,1.0,29.8611,0.266112
72,2,0,residential,1.0,20.5556,0.14988
73,2,1,residential,1.0,22.9167,0.220035
74,2,2,residential,1.0,22.2222,0.172217
75,2,3,residential,1.0,20.0,0.136653
76,2,4,residential,1.0,27.5,0.245323
77,2,5,residential,1.0,26.9444,0.1928
78,2,6,residential,1.0,27.5,0.266161
79,2,7,residential,1.0,27.6389,0.263707
80,2,8,residential,1.0,27.7778,0.259173
81,2,9,residential,1.0,26.3889,0.216001
82,2,10,residential,1.0,25.6944,0.247576
83,2,11,residential,1.0,23.6111,0.207264
84,2,12,residential,1.0,23.3333,0.201743
85,2,13,residential,1.0,26.1111,0.191788
86,2,14,residential,1.0,33.6111,0.326792
87,2,15,residential,1.0,37.5,0.360493
88,2,16,residential,1.0,34.0278,0.309081
89,2,17,residential,1.0,29.1667,0.264659
90,2,18,residential,1.0,38.3333,0.371218
91,2,19,residential,1.0,27.0833,0.230593
92,2,20,residential,1.0,19.5833,0.163962
93,2,21,residential,1.0,33.8889,0.323645
94,2,22,residential,1.0,38.75,0.374133
95,2,23,residential,1.0,33.0556,0.286553
96,2,24,residential,1.0,30.5556,0.287655
97,2,25,residential,1.0,31.9444,0.300147
98,2,26,residential,1.0,41.9444,0.400123
99,2,27,residential,1.0,33.3333,0.326043
100,2,28,residential,1.0,30.4167,0.263436
101,2,29,residential,1.0,31.8056,0.306612
102,2,30,residential,1.0,21.3889,0.165995
103,2,31,residential,1.0,19.7222,0.140268
104,2,32,residential,1.0,21.6667,0.172639
105,2,33,residential,1.0,26.1111,0.206799
106,2,34,residential,1.0,25.9722,0.248929
107,2,35,residential,1.0,24.1667,0.181621
108,3,0,residential,1.0,29.5833,0.276344
109,3,1,residential,1.0,25.0,0.223721
110,3,2,residential,1.0,23.75,0.205545
111,3,3,residential,1.0,20.2778,0.158933
112,3,4,residential,1.0,20.8333,0.122134
113,3,5,residential,1.0,21.9444,0.194737
114,3,6,residential,1.0,27.2222,0.246814
115,3,7,residential,1.0,21.3889,0.172535
116,3,8,residential,1.0,26.5278,0.253161
117,3,9,residential,1.0,25.6944,0.21838
118,3,10,residential,1.0,27.2222,0.255374
119,3,11,residential,1.0,27.7778,0.267645
120,3,12,residential,1.0,24.7222,0.207396
121,3,13,residential,1.0,22.5,0.197261
122,3,14,residential,1.0,29.5833,0.277021
123,3,15,residential,1.0,33.3333,0.303124
124,3,16,residential,1.0,34.5833,0.319071
125,3,17,residential,1.0,40.6944,0.384009
126,3,18,residential,1.0,39.4444,0.382909
127,3,19,residential,1.0,38.3333,0.35827
128,3,20,residential,1.0,31.3889,0.292408
129,3,21,residential,1.0,37.9167,0.362931
130,3,22,residential,1.0,39.0278,0.368509
131,3,23,residential,1.0,37.7778,0.354415
132,3,24,residential,1.0,32.3611,0.300824
133,3,25,residential,1.0,41.9444,0.398422
134,3,26,residential,1.0,42.7778,0.419257
135,3,27,residential,1.0,41.9444,0.389319
136,3,28,residential,1.0,33.0556,0.297119
137,3,29,residential,1.0,34.1667,0.322053
138,3,30,residential,1.0,31.9444,0.301444
139,3,31,residential,1.0,24.5833,0.22722
140,3,32,residential,1.0,26.1111,0.246704
141,3,33,residential,1.0,27.3611,0.261078
142,3,34,residential,1.0,26.9444,0.247507
143,3,35,residential,1.0,22.2222,0.171622
144,4,0,residential,1.0,30.9722,0.298118
145,4,1,residential,1.0,29.5833,0.2499
146,4,2,residential,1.0,24.8611,0.236171
147,4,3,residential,1.0,23.75,0.206499
148,4,4,residential,1.0,20.5556,0.157458
149,4,5,residential,1.0,29.8611,0.2705
150,4,6,residential,1.0,23.8889,0.209568
151,4,7,residential,1.0,23.0556,0.189105
152,4,8,residential,1.0,23.0556,0.203018
153,4,9,residential,1.0,21.3889,0.183295
154,4,10,residential,1.0,27.5,0.239695
155,4,11,residential,1.0,30.1389,0.284125
156,4,12,residential,1.0,27.3611,0.249712
157,4,13,residential,1.0,23.6111,0.2264
158,4,14,residential,1.0,21.5278,0.174209
159,4,15,residential,1.0,34.5833,0.332955
160,4,16,residential,1.0,41.5278,0.3925
161,4,17,residential,1.0,42.0833,0.399236
162,4,18,residential,1.0,40.6944,0.392891
163,4,19,residential,1.0,35.0,0.334922
164,4,20,residential,1.0,19.4444,0.157535
165,4,21,residential,1.0,33.6111,0.31565
166,4,22,residential,1.0,37.7778,0.353611
167,4,23,residential,1.0,30.5556,0.261854
168,4,24,residential,1.0,31.3889,0.279906
169,4,25,residential,1.0,42.0833,0.398954
170,4,26,residential,1.0,43.4722,0.413299
171,4,27,residential,1.0,41.8056,0.398887
172,4,28,residential,1.0,35.9722,0.344842
173,4,29,residential,1.0,34.3056,0.332216
174,4,30,residential,1.0,32.6389,0.309268
175,4,31,residential,1.0,26.6667,0.251344
176,4,32,residential,1.0,25.8333,0.214102
177,4,33,residential,1.0,28.3333,0.265355
178,4,34,residential,1.0,26.5278,0.254801
179,4,35,residential,1.0,23.1944,0.199749
180,5,0,residential,1.0,31.5278,0.298091
181,5,1,residential,1.0,30.4167,0.259823
182,5,2,residential,1.0,28.3333,0.24907
183,5,3,residential,1.0,29.8611,0.26427
184,5,4,residential,1.0,31.6667,0.294697
185,5,5,residential,1.0,30.5556,0.289454
186,5,6,residential,1.0,29.8611,0.271387
187,5,7,residential,1.0,21.8056,0.208062
188,5,8,residential,1.0,22.5,0.208336
189,5,9,residential,1.0,20.9722,0.157423
190,5,10,residential,1.0,29.8611,0.282452
191,5,11,residential,1.0,30.1389,0.29746
192,5,12,residential,1.0,29.8611,0.239345
193,5,13,residential,1.0,20.6944,0.142269
194,5,14,residential,1.0,25.4167,0.213791
195,5,15,residential,1.0,40.9722,0.391841
196,5,16,residential,1.0,42.7778,0.414587
197,5,17,residential,1.0,42.2222,0.409924
198,5,18,residential,1.0,38.8889,0.366278
199,5,19,residential,1.0,28.75,0.270012
200,5,20,residential,1.0,33.6111,0.316092
201,5,21,residential,1.0,39.8611,0.385827
202,5,22,residential,1.0,35.0,0.329665
203,5,23,residential,1.0,31.6667,0.275762
204,5,24,residential,1.0,40.1389,0.375963
205,5,25,residential,1.0,42.7778,0.411647
206,5,26,residential,1.0,42.2222,0.403612
207,5,27,residential,1.0,39.3056,0.376411
208,5,28,residential,1.0,21.8056,0.189696
209,5,29,residential,1.0,32.5,0.310478
210,5,30,residential,1.0,24.5833,0.204702
211,5,31,residential,1.0,25.2778,0.244741
212,5,32,residential,1.0,26.25,0.250585
213,5,33,residential,1.0,27.2222,0.255953
214,5,34,residential,1.0,25.2778,0.208438
215,5,35,residential,1.0,35.5556,0.335443
216,6,0,residential,1.0,31.1111,0.291011
217,6,1,residential,1.0,31.25,0.301341
218,6,2,residential,1.0,31.25,0.301436
219,6,3,residential,1.0,32.3611,0.299942
220,6,4,residential,1.0,32.2222,0.31006
221,6,5,residential,1.0,31.6667,0.301163
222,6,6,residential,1.0,20.8333,0.1521
223,6,7,residential,1.0,20.4167,0.159381
224,6,8,residential,1.0,21.1111,0.195933
225,6,9,residential,1.0,31.25,0.29686
226,6,10,residential,1.0,21.25,0.18188
227,6,11,residential,1.0,29.8611,0.282452
228,6,12,residential,1.0,20.2778,0.141106
229,6,13,residential,1.0,21.6667,0.204283
230,6,14,residential,1.0,30.6944,0.268187
231,6,15,residential,1.0,35.5556,0.333072
232,6,16,residential,1.0,40.9722,0.384146
233,6,17,residential,1.0,38.8889,0.377661
234,6,18,residential,1.0,24.1667,0.195263
235,6,19,residential,1.0,30.1389,0.266363
236,6,20,residential,1.0,39.8611,0.375046
237,6,21,residential,1.0,41.3889,0.393856
238,6,22,residential,1.0,40.1389,0.378092
239,6,23,residential,1.0,31.6667,0.291733
240,6,24,residential,1.0,41.8056,0.400557
241,6,25,residential,1.0,43.75,0.425949
242,6,26,residential,1.0,41.1111,0.381794
243,6,27,residential,1.0,37.7778,0.368246
244,6,28,residential,1.0,37.0833,0.353334
245,6,29,residential,1.0,29.0278,0.278089
246,6,30,residential,1.0,28.0556,0.240213
247,6,31,residential,1.0,22.9167,0.187246
248,6,32,residential,1.0,24.0278,0.197558
249,6,33,residential,1.0,25.5556,0.24296
250,6,34,residential,1.0,35.5556,0.335447
251,6,35,residential,1.0,35.9722,0.352511
252,7,0,residential,1.0,25.4167,0.207434
253,7,1,residential,1.0,30.2778,0.286248
254,7,2,residential,1.0,28.8889,0.257652
255,7,3,residential,1.0,29.8611,0.281995
256,7,4,residential,1.0,30.9722,0.289325
257,7,5,residential,1.0,21.8056,0.170269
258,7,6,residential,1.0,19.5833,0.128747
259,7,7,residential,1.0,20.8333,0.142567
260,7,8,residential,1.0,31.25,0.295617
261,7,9,residential,1.0,32.3611,0.304833
262,7,10,residential,1.0,31.25,0.291695
263,7,11,residential,1.0,21.1111,0.171808
264,7,12,residential,1.0,20.8333,0.152769
265,7,13,residential,1.0,20.0,0.146843
266,7,14,residential,1.0,24.3056,0.210802
267,7,15,residential,1.0,35.2778,0.339875
268,7,16,residential,1.0,34.7222,0.316377
269,7,17,residential,1.0,28.8889,0.263623
270,7,18,residential,1.0,25.5556,0.233742
271,7,19,residential,1.0,28.75,0.274009
272,7,20,residential,1.0,39.3056,0.371999
273,7,21,residential,1.0,41.3889,0.391319
274,7,22,residential,1.0,40.6944,0.389064
275,7,23,residential,1.0,39.1667,0.369978
276,7,24,residential,1.0,43.4722,0.413131
277,7,25,residential,1.0,95.2778,0.94303
278,7,26,residential,1.0,43.0556,0.410137
279,7,27,residential,1.0,40.8333,0.387957
280,7,28,residential,1.0,29.0278,0.265594
281,7,29,residential,1.0,28.8889,0.261327
282,7,30,residential,1.0,30.5556,0.286542
283,7,31,residential,1.0,25.8333,0.2282
284,7,32,residential,1.0,20.4167,0.174523
285,7,33,residential,1.0,20.9722,0.162722
286,7,34,residential,1.0,27.7778,0.24267
287,7,35,residential,1.0,35.5556,0.339909
288,8,0,residential,1.0,20.2778,0.144613
289,8,1,residential,1.0,20.6944,0.146408
290,8,2,residential,1.0,25.4167,0.243476
291,8,3,residential,1.0,21.8056,0.173364
292,8,4,residential,1.0,21.6667,0.170045
293,8,5,residential,1.0,21.25,0.196246
294,8,6,residential,1.0,21.25,0.171437
295,8,7,residential,1.0,19.7222,0.176173
296,8,8,residential,1.0,22.3611,0.192906
297,8,9,residential,1.0,41.6667,0.406607
298,8,10,residential,1.0,24.5833,0.212879
299,8,11,residential,1.0,24.0278,0.202876
300,8,12,residential,1.0,35.5556,0.328845
301,8,13,residential,1.0,24.4444,0.207621
302,8,14,residential,1.0,37.5,0.35516
303,8,15,residential,1.0,42.3611,0.408901
304,8,16,residential,1.0,35.5556,0.339854
305,8,17,residential,1.0,24.5833,0.217258
306,8,18,residential,1.0,31.1111,0.29887
307,8,19,residential,1.0,23.75,0.198569
308,8,20,residential,1.0,29.8611,0.262933
309,8,21,residential,1.0,39.3056,0.371678
310,8,22,residential,1.0,38.6111,0.365385
311,8,23,residential,1.0,34.1667,0.313665
312,8,24,residential,1.0,95.2778,0.942441
313,8,25,residential,1.0,96.1111,0.957431
314,8,26,residential,1.0,95.8333,0.949643
315,8,27,residential,1.0,94.3056,0.930234
316,8,28,residential,1.0,40.4167,0.386126
317,8,29,residential,1.0,30.6944,0.255839
318,8,30,residential,1.0,31.3889,0.300174
319,8,31,residential,1.0,33.6111,0.323564
320,8,32,residential,1.0,25.5556,0.227583
321,8,33,residential,1.0,24.1667,0.199057
322,8,34,residential,1.0,24.5833,0.194942
323,8,35,residential,1.0,28.1944,0.271806
324,9,0,residential,1.0,20.5556,0.158357
325,9,1,residential,1.0,20.9722,0.157881
326,9,2,residential,1.0,28.8889,0.271277
327,9,3,residential,1.0,22.7778,0.216952
328,9,4,residential,1.0,21.8056,0.164346
329,9,5,residential,1.0,21.8056,0.164542
330,9,6,residential,1.0,26.3889,0.250352
331,9,7,residential,1.0,22.7778,0.194557
332,9,8,residential,1.0,41.5278,0.404107
333,9,9,residential,1.0,41.5278,0.408023
334,9,10,residential,1.0,42.3611,0.412344
335,9,11,residential,1.0,35.6944,0.330204
336,9,12,residential,1.0,35.8333,0.348894
337,9,13,residential,1.0,39.4444,0.372314
338,9,14,residential,1.0,96.1111,0.956956
339,9,15,residential,1.0,95.0,0.927548
340,9,16,residential,1.0,42.0833,0.402499
341,9,17,residential,1.0,36.1111,0.351136
342,9,18,residential,1.0,31.9444,0.304943
343,9,19,residential,1.0,31.1111,0.291138
344,9,20,residential,1.0,25.9722,0.230383
345,9,21,residential,1.0,31.1111,0.292935
346,9,22,residential,1.0,33.8889,0.300775
347,9,23,residential,1.0,91.8056,0.901331
348,9,24,residential,1.0,95.9722,0.94912
349,9,25,residential,1.0,96.25,0.959032
350,9,26,residential,1.0,96.1111,0.954021
351,9,27,residential,1.0,93.75,0.931971
352,9,28,residential,1.0,92.0833,0.918226
353,9,29,residential,1.0,30.5556,0.260636
354,9,30,residential,1.0,33.6111,0.323564
355,9,31,residential,1.0,34.5833,0.333302
356,9,32,residential,1.0,33.3333,0.308705
357,9,33,residential,1.0,27.0833,0.259232
358,9,34,residential,1.0,27.7778,0.237386
359,9,35,residential,1.0,26.1111,0.22943
360,10,0,residential,1.0,28.0556,0.243589
361,10,1,residential,1.0,38.0556,0.360172
362,10,2,residential,1.0,34.7222,0.33026
363,10,3,residential,1.0,28.75,0.251412
364,10,4,residential,1.0,21.5278,0.164145
365,10,5,residential,1.0,26.3889,0.198329
366,10,6,residential,1.0,27.2222,0.268502
367,10,7,residential,1.0,32.2222,0.273735
368,10,8,residential,1.0,32.9167,0.319524
369,10,9,residential,1.0,42.3611,0.412339
370,10,10,residential,1.0,40.1389,0.394454
371,10,11,residential,1.0,40.1389,0.383489
372,10,12,residential,1.0,38.8889,0.375707
373,10,13,residential,1.0,96.1111,0.956498
374,10,14,residential,1.0,96.25,0.959693
375,10,15,residential,1.0,96.1111,0.956957
376,10,16,residential,1.0,95.0,0.934129
377,10,17,residential,1.0,35.8333,0.344653
378,10,18,residential,1.0,34.7222,0.297925
379,10,19,residential,1.0,26.5278,0.241332
380,10,20,residential,1.0,24.4444,0.211059
381,10,21,residential,1.0,36.9444,0.354341
382,10,22,residential,1.0,92.5,0.912185
383,10,23,residential,1.0,96.3889,0.958136
384,10,24,residential,1.0,93.0556,0.926002
385,10,25,residential,1.0,96.3889,0.954876
386,10,26,residential,1.0,95.0,0.944763
387,10,27,residential,1.0,94.5833,0.938014
388,10,28,residential,1.0,40.2778,0.380685
389,10,29,residential,1.0,23.75,0.226584
390,10,30,residential,1.0,24.3056,0.204574
391,10,31,residential,1.0,33.3333,0.311613
392,10,32,residential,1.0,26.8056,0.230376
393,10,33,residential,1.0,29.0278,0.277695
394,10,34,residential,1.0,29.1667,0.278497
395,10,35,residential,1.0,27.7778,0.249746
396,11,0,residential,1.0,38.0556,0.357986
397,11,1,residential,1.0,39.8611,0.381804
398,11,2,residential,1.0,39.5833,0.374919
399,11,3,residential,1.0,34.4444,0.326821
400,11,4,residential,1.0,19.5833,0.09915
401,11,5,residential,1.0,23.4722,0.19583
402,11,6,residential,1.0,29.3056,0.28245
403,11,7,residential,1.0,30.4167,0.288228
404,11,8,residential,1.0,32.2222,0.295254
405,11,9,residential,1.0,24.3056,0.215311
406,11,10,residential,1.0,40.1389,0.372558
407,11,11,residential,1.0,29.0278,0.23374
408,11,12,residential,1.0,24.8611,0.219718
409,11,13,residential,1.0,39.5833,0.370887
410,11,14,residential,1.0,96.1111,0.953735
411,11,15,residential,1.0,95.0,0.938493
412,11,16,residential,1.0,25.1389,0.214864
413,11,17,residential,1.0,34.8611,0.333513
414,11,18,residential,1.0,34.4444,0.334638
415,11,19,residential,1.0,34.0278,0.323415
416,11,20,residential,1.0,36.25,0.352256
417,11,21,residential,1.0,91.9444,0.91306
418,11,22,residential,1.0,93.3333,0.929821
419,11,23,residential,1.0,94.1667,0.936808
420,11,24,residential,1.0,95.6944,0.953678
421,11,25,residential,1.0,43.8889,0.432421
422,11,26,residential,1.0,30.5556,0.279891
423,11,27,residential,1.0,40.2778,0.389915
424,11,28,residential,1.0,21.3889,0.173103
425,11,29,residential,1.0,20.2778,0.134394
426,11,30,residential,1.0,21.6667,0.174622
427,11,31,residential,1.0,23.75,0.220069
428,11,32,residential,1.0,21.6667,0.183517
429,11,33,residential,1.0,27.2222,0.240039
430,11,34,residential,1.0,28.75,0.266073
431,11,35,residential,1.0,25.9722,0.22455
432,12,0,residential,1.0,39.1667,0.371129
433,12,1,residential,1.0,40.5556,0.400499
434,12,2,residential,1.0,40.5556,0.388524
435,12,3,residential,1.0,39.1667,0.374803
436,12,4,residential,1.0,30.2778,0.286205
437,12,5,residential,1.0,24.5833,0.195077
438,12,6,residential,1.0,26.25,0.244651
439,12,7,residential,1.0,30.8333,0.282698
440,12,8,residential,1.0,25.0,0.215504
441,12,9,residential,1.0,26.25,0.212644
442,12,10,residential,1.0,31.3889,0.298395
443,12,11,residential,1.0,34.8611,0.338007
444,12,12,residential,1.0,36.3889,0.348772
445,12,13,residential,1.0,43.6111,0.427619
446,12,14,residential,1.0,93.3333,0.923418
447,12,15,residential,1.0,43.6111,0.427612
448,12,16,residential,1.0,21.8056,0.179801
449,12,17,residential,1.0,29.3056,0.27676
450,12,18,residential,1.0,34.5833,0.317625
451,12,19,residential,1.0,24.7222,0.213113
452,12,20,residential,1.0,25.2778,0.230276
453,12,21,residential,1.0,36.3889,0.317441
454,12,22,residential,1.0,92.3611,0.905943
455,12,23,residential,1.0,93.75,0.9306
456,12,24,residential,1.0,44.0278,0.426516
457,12,25,residential,1.0,30.4167,0.273397
458,12,26,residential,1.0,25.8333,0.252891
459,12,27,residential,1.0,23.1944,0.191857
460,12,28,residential,1.0,26.8056,0.253665
461,12,29,residential,1.0,20.4167,0.170061
462,12,30,residential,1.0,20.1389,0.194359
463,12,31,residential,1.0,21.8056,0.178734
464,12,32,residential,1.0,20.9722,0.179967
465,12,33,residential,1.0,26.5278,0.213815
466,12,34,residential,1.0,28.1944,0.269442
467,12,35,residential,1.0,27.9167,0.227072
468,13,0,residential,1.0,24.8611,0.211793
469,13,1,residential,1.0,39.1667,0.368029
470,13,2,residential,1.0,39.1667,0.370088
471,13,3,residential,1.0,33.0556,0.30738
472,13,4,residential,1.0,24.5833,0.228592
473,13,5,residential,1.0,24.8611,0.230942
474,13,6,residential,1.0,30.2778,0.273677
475,13,7,residential,1.0,30.8333,0.30057
476,13,8,residential,1.0,30.4167,0.286898
477,13,9,residential,1.0,27.0833,0.258128
478,13,10,residential,1.0,33.3333,0.311451
479,13,11,residential,1.0,36.5278,0.343069
480,13,12,residential,1.0,36.25,0.347479
481,13,13,residential,1.0,35.6944,0.309899
482,13,14,residential,1.0,43.6111,0.413438
483,13,15,residential,1.0,29.5833,0.257203
484,13,16,residential,1.0,28.8889,0.279811
485,13,17,residential,1.0,30.5556,0.292164
486,13,18,residential,1.0,30.4167,0.285235
487,13,19,residential,1.0,29.0278,0.280662
488,13,20,residential,1.0,29.1667,0.237932
489,13,21,residential,1.0,35.6944,0.347197
490,13,22,residential,1.0,37.6389,0.357996
491,13,23,residential,1.0,40.8333,0.396933
492,13,24,residential,1.0,34.0278,0.324704
493,13,25,residential,1.0,32.6389,0.303746
494,13,26,residential,1.0,25.4167,0.223087
495,13,27,residential,1.0,26.8056,0.225618
496,13,28,residential,1.0,29.5833,0.287236
497,13,29,residential,1.0,27.7778,0.264275
498,13,30,residential,1.0,19.5833,0.117648
499,13,31,residential,1.0,23.4722,0.192782
500,13,32,residential,1.0,23.75,0.179981
501,13,33,residential,1.0,25.1389,0.238971
502,13,34,residential,1.0,27.9167,0.268573
503,13,35,residential,1.0,29.1667,0.277738
504,14,0,residential,1.0,25.5556,0.24767
505,14,1,residential,1.0,22.2222,0.152512
506,14,2,residential,1.0,33.0556,0.322602
507,14,3,residential,1.0,24.5833,0.198683
508,14,4,residential,1.0,21.9444,0.175067
509,14,5,residential,1.0,25.6944,0.221924
510,14,6,residential,1.0,23.0556,0.194557
511,14,7,residential,1.0,29.7222,0.242034
512,14,8,residential,1.0,28.75,0.267802
513,14,9,residential,1.0,27.6389,0.261734
514,14,10,residential,1.0,20.2778,0.172455
515,14,11,residential,1.0,33.6111,0.322229
516,14,12,residential,1.0,35.1389,0.327931
517,14,13,residential,1.0,30.8333,0.296089
518,14,14,residential,1.0,30.1389,0.290777
519,14,15,residential,1.0,25.4167,0.208378
520,14,16,residential,1.0,26.5278,0.253527
521,14,17,residential,1.0,29.3056,0.23708
522,14,18,residential,1.0,28.8889,0.238392
523,14,19,residential,1.0,27.2222,0.254295
524,14,20,residential,1.0,28.75,0.238477
525,14,21,residential,1.0,31.25,0.294818
526,14,22,residential,1.0,35.6944,0.342438
527,14,23,residential,1.0,22.0833,0.191719
528,14,24,residential,1.0,33.0556,0.305027
529,14,25,residential,1.0,25.4167,0.218026
530,14,26,residential,1.0,34.4444,0.323554
531,14,27,residential,1.0,28.4722,0.243033
532,14,28,residential,1.0,30.5556,0.291473
533,14,29,residential,1.0,30.0,0.273419
534,14,30,residential,1.0,26.5278,0.248453
535,14,31,residential,1.0,24.1667,0.234413
536,14,32,residential,1.0,23.4722,0.178045
537,14,33,residential,1.0,24.5833,0.235016
538,14,34,residential,1.0,20.6944,0.150995
539,14,35,residential,1.0,27.9167,0.257554
540,15,0,residential,1.0,27.2222,0.244682
541,15,1,residential,1.0,26.5278,0.253403
542,15,2,residential,1.0,23.0556,0.194708
543,15,3,residential,1.0,34.8611,0.335427
544,15,4,residential,1.0,37.9167,0.364773
545,15,5,residential,1.0,27.9167,0.267141
546,15,6,residential,1.0,25.2778,0.217926
547,15,7,residential,1.0,26.3889,0.255747
548,15,8,residential,1.0,27.6389,0.243617
549,15,9,residential,1.0,24.8611,0.219454
550,15,10,residential,1.0,25.1389,0.22532
551,15,11,residential,1.0,26.6667,0.24104
552,15,12,residential,1.0,30.5556,0.268838
553,15,13,residential,1.0,26.6667,0.227702
554,15,14,residential,1.0,23.6111,0.201267
555,15,15,residential,1.0,20.0,0.153702
556,15,16,residential,1.0,27.3611,0.254219
557,15,17,residential,1.0,28.8889,0.269113
558,15,18,residential,1.0,30.1389,0.282875
559,15,19,residential,1.0,30.2778,0.264922
560,15,20,residential,1.0,37.6389,0.353317
561,15,21,residential,1.0,31.6667,0.307414
562,15,22,residential,1.0,27.6389,0.230079
563,15,23,residential,1.0,30.6944,0.294744
564,15,24,residential,1.0,31.8056,0.307109
565,15,25,residential,1.0,34.4444,0.332525
566,15,26,residential,1.0,35.9722,0.34095
567,15,27,residential,1.0,34.7222,0.330012
568,15,28,residential,1.0,30.8333,0.285729
569,15,29,residential,1.0,27.6389,0.230963
570,15,30,residential,1.0,21.1111,0.175779
571,15,31,residential,1.0,24.3056,0.22942
572,15,32,residential,1.0,22.2222,0.172024
573,15,33,residential,1.0,25.2778,0.241413
574,15,34,residential,1.0,28.75,0.270919
575,15,35,residential,1.0,20.1389,0.143425
576,16,0,residential,1.0,27.2222,0.244386
577,16,1,residential,1.0,26.5278,0.254886
578,16,2,residential,1.0,34.8611,0.33022
579,16,3,residential,1.0,38.3333,0.373239
580,16,4,residential,1.0,41.6667,0.405063
581,16,5,residential,1.0,39.1667,0.378318
582,16,6,residential,1.0,27.2222,0.246333
583,16,7,residential,1.0,32.9167,0.315973
584,16,8,residential,1.0,26.1111,0.232764
585,16,9,residential,1.0,27.5,0.26449
586,16,10,residential,1.0,26.6667,0.238986
587,16,11,residential,1.0,26.6667,0.245245
588,16,12,residential,1.0,27.5,0.249568
589,16,13,residential,1.0,26.5278,0.241559
590,16,14,residential,1.0,25.1389,0.243999
591,16,15,residential,1.0,23.0556,0.190772
592,16,16,residential,1.0,22.5,0.18981
593,16,17,residential,1.0,28.4722,0.251035
594,16,18,residential,1.0,32.0833,0.30073
595,16,19,residential,1.0,37.7778,0.354872
596,16,20,residential,1.0,38.75,0.370478
597,16,21,residential,1.0,37.6389,0.359523
598,16,22,residential,1.0,30.9722,0.300503
599,16,23,residential,1.0,28.8889,0.278644
600,16,24,residential,1.0,30.8333,0.24974
601,16,25,residential,1.0,27.7778,0.249172
602,16,26,residential,1.0,34.7222,0.334175
603,16,27,residential,1.0,33.1944,0.321381
604,16,28,residential,1.0,32.2222,0.311745
605,16,29,residential,1.0,29.1667,0.256035
606,16,30,residential,1.0,24.0278,0.213766
607,16,31,residential,1.0,24.4444,0.234701
608,16,32,residential,1.0,24.0278,0.198194
609,16,33,residential,1.0,28.75,0.265744
610,16,34,residential,1.0,29.4444,0.288427
611,16,35,residential,1.0,28.6111,0.26487
612,17,0,residential,1.0,25.8333,0.249454
613,17,1,residential,1.0,24.0278,0.20662
614,17,2,residential,1.0,26.1111,0.233655
615,17,3,residential,1.0,40.9722,0.39966
616,17,4,residential,1.0,44.5833,0.438805
617,17,5,residential,1.0,44.1667,0.434164
618,17,6,residential,1.0,39.4444,0.385724
619,17,7,residential,1.0,36.1111,0.351198
620,17,8,residential,1.0,34.3056,0.313121
621,17,9,residential,1.0,32.9167,0.322498
622,17,10,residential,1.0,27.6389,0.235802
623,17,11,residential,1.0,25.9722,0.232449
624,17,12,residential,1.0,26.5278,0.255779
625,17,13,residential,1.0,24.7222,0.217242
626,17,14,residential,1.0,29.3056,0.259781
627,17,15,residential,1.0,23.4722,0.20348
628,17,16,residential,1.0,26.6667,0.232463
629,17,17,residential,1.0,30.0,0.289623
630,17,18,residential,1.0,31.3889,0.303423
631,17,19,residential,1.0,32.0833,0.301847
632,17,20,residential,1.0,37.6389,0.359604
633,17,21,residential,1.0,30.5556,0.269932
634,17,22,residential,1.0,29.3056,0.259489
635,17,23,residential,1.0,26.9444,0.221938
636,17,24,residential,1.0,33.8889,0.315044
637,17,25,residential,1.0,26.3889,0.234324
638,17,26,residential,1.0,27.6389,0.241768
639,17,27,residential,1.0,30.6944,0.258623
640,17,28,residential,1.0,29.4444,0.252816
641,17,29,residential,1.0,29.4444,0.279412
642,17,30,residential,1.0,28.6111,0.258531
643,17,31,residential,1.0,25.4167,0.227909
644,17,32,residential,1.0,28.3333,0.239537
645,17,33,residential,1.0,28.75,0.273802
646,17,34,residential,1.0,28.6111,0.234319
647,17,35,residential,1.0,21.3889,0.177284
648,18,0,residential,1.0,30.4167,0.249713
649,18,1,residential,1.0,33.0556,0.319114
650,18,2,residential,1.0,39.3056,0.380911
651,18,3,residential,1.0,44.4444,0.440074
652,18,4,residential,1.0,94.1667,0.935158
653,18,5,residential,1.0,44.7222,0.442859
654,18,6,residential,1.0,44.1667,0.433716
655,18,7,residential,1.0,39.4444,0.3844
656,18,8,residential,1.0,36.9444,0.35794
657,18,9,residential,1.0,36.3889,0.350747
658,18,10,residential,1.0,32.7778,0.298936
659,18,11,residential,1.0,24.8611,0.237386
660,18,12,residential,1.0,22.7778,0.201567
661,18,13,residential,1.0,34.1667,0.329747
662,18,14,residential,1.0,36.3889,0.348379
663,18,15,residential,1.0,36.5278,0.345814
664,18,16,residential,1.0,23.0556,0.204346
665,18,17,residential,1.0,26.8056,0.258992
666,18,18,residential,1.0,28.75,0.237284
667,18,19,residential,1.0,28.1944,0.243952
668,18,20,residential,1.0,35.8333,0.343292
669,18,21,residential,1.0,28.6111,0.253991
670,18,22,residential,1.0,28.8889,0.271229
671,18,23,residential,1.0,33.8889,0.32851
672,18,24,residential,1.0,34.7222,0.337055
673,18,25,residential,1.0,33.8889,0.326925
674,18,26,residential,1.0,26.6667,0.224903
675,18,27,residential,1.0,26.25,0.223815
676,18,28,residential,1.0,27.9167,0.256413
677,18,29,residential,1.0,30.0,0.290953
678,18,30,residential,1.0,22.5,0.164396
679,18,31,residential,1.0,28.3333,0.268891
680,18,32,residential,1.0,29.8611,0.285223
681,18,33,residential,1.0,30.6944,0.286199
682,18,34,residential,1.0,30.1389,0.243408
683,18,35,residential,1.0,24.5833,0.216072
684,19,0,residential,1.0,34.5833,0.335478
685,19,1,residential,1.0,39.4444,0.379583
686,19,2,residential,1.0,44.1667,0.434222
687,19,3,residential,1.0,94.1667,0.934723
688,19,4,residential,1.0,94.4444,0.938338
689,19,5,residential,1.0,94.1667,0.934186
690,19,6,residential,1.0,43.4722,0.425308
691,19,7,residential,1.0,34.8611,0.32694
692,19,8,residential,1.0,36.1111,0.343675
693,19,9,residential,1.0,36.1111,0.351677
694,19,10,residential,1.0,35.1389,0.334771
695,19,11,residential,1.0,22.5,0.201148
696,19,12,residential,1.0,34.1667,0.330414
697,19,13,residential,1.0,36.3889,0.35121
698,19,14,residential,1.0,38.3333,0.370444
699,19,15,residential,1.0,38.1944,0.373199
700,19,16,residential,1.0,36.5278,0.343294
701,19,17,residential,1.0,23.8889,0.195732
702,19,18,residential,1.0,25.8333,0.216644
703,19,19,residential,1.0,35.8333,0.333968
704,19,20,residential,1.0,37.0833,0.352461
705,19,21,residential,1.0,35.8333,0.346242
706,19,22,residential,1.0,27.3611,0.243879
707,19,23,residential,1.0,27.7778,0.241957
708,19,24,residential,1.0,33.8889,0.319459
709,19,25,residential,1.0,27.9167,0.241562
710,19,26,residential,1.0,23.3333,0.195323
711,19,27,residential,1.0,25.5556,0.221175
712,19,28,residential,1.0,30.0,0.292327
713,19,29,residential,1.0,30.2778,0.286324
714,19,30,residential,1.0,28.75,0.269713
715,19,31,residential,1.0,25.2778,0.212436
716,19,32,residential,1.0,29.8611,0.27763
717,19,33,residential,1.0,31.25,0.295456
718,19,34,residential,1.0,31.3889,0.302927
719,19,35,residential,1.0,30.4167,0.277153
720,20,0,residential,1.0,31.5278,0.300563
721,20,1,residential,1.0,35.8333,0.334778
722,20,2,residential,1.0,44.3056,0.436496
723,20,3,residential,1.0,44.8611,0.444686
724,20,4,residential,1.0,94.1667,0.935125
725,20,5,residential,1.0,44.4444,0.438229
726,20,6,residential,1.0,39.4444,0.384793
727,20,7,residential,1.0,21.9444,0.172844
728,20,8,residential,1.0,32.6389,0.311643
729,20,9,residential,1.0,35.4167,0.336867
730,20,10,residential,1.0,27.5,0.241646
731,20,11,residential,1.0,32.0833,0.307841
732,20,12,residential,1.0,33.75,0.328487
733,20,13,residential,1.0,35.1389,0.34038
734,20,14,residential,1.0,36.3889,0.348037
735,20,15,residential,1.0,36.5278,0.351248
736,20,16,residential,1.0,29.5833,0.226936
737,20,17,residential,1.0,23.3333,0.185819
738,20,18,residential,1.0,26.3889,0.229413
739,20,19,residential,1.0,30.6944,0.295577
740,20,20,residential,1.0,35.8333,0.344487
741,20,21,residential,1.0,30.5556,0.269431
742,20,22,residential,1.0,25.1389,0.2412
743,20,23,residential,1.0,26.6667,0.227431
744,20,24,residential,1.0,28.4722,0.276021
745,20,25,residential,1.0,27.2222,0.259307
746,20,26,residential,1.0,23.8889,0.188255
747,20,27,residential,1.0,22.2222,0.196706
748,20,28,residential,1.0,25.5556,0.209738
749,20,29,residential,1.0,28.75,0.232207
750,20,30,residential,1.0,28.3333,0.275151
751,20,31,residential,1.0,27.9167,0.255835
752,20,32,residential,1.0,25.1389,0.216772
753,20,33,residential,1.0,27.6389,0.237409
754,20,34,residential,1.0,30.5556,0.291407
755,20,35,residential,1.0,25.8333,0.211591
756,21,0,residential,1.0,20.8333,0.168649
757,21,1,residential,1.0,37.7778,0.367427
758,21,2,residential,1.0,43.3333,0.425615
759,21,3,residential,1.0,44.7222,0.44007
760,21,4,residential,1.0,44.4444,0.438361
761,21,5,residential,1.0,41.25,0.402733
762,21,6,residential,1.0,37.9167,0.366503
763,21,7,residential,1.0,32.3611,0.307494
764,21,8,residential,1.0,34.5833,0.328797
765,21,9,residential,1.0,34.5833,0.336191
766,21,10,residential,1.0,34.0278,0.323614
767,21,11,residential,1.0,25.9722,0.224434
768,21,12,residential,1.0,32.0833,0.307841
769,21,13,residential,1.0,33.3333,0.322187
770,21,14,residential,1.0,23.1944,0.170454
771,21,15,residential,1.0,29.5833,0.285633
772,21,16,residential,1.0,21.9444,0.160769
773,21,17,residential,1.0,24.8611,0.194461
774,21,18,residential,1.0,25.9722,0.244327
775,21,19,residential,1.0,29.0278,0.241613
776,21,20,residential,1.0,32.3611,0.311093
777,21,21,residential,1.0,30.8333,0.303565
778,21,22,residential,1.0,26.8056,0.224357
779,21,23,residential,1.0,23.3333,0.189512
780,21,24,residential,1.0,26.25,0.212664
781,21,25,residential,1.0,24.3056,0.222243
782,21,26,residential,1.0,22.5,0.211452
783,21,27,residential,1.0,20.8333,0.154748
784,21,28,residential,1.0,22.2222,0.206138
785,21,29,residential,1.0,22.7778,0.21879
786,21,30,residential,1.0,27.9167,0.263253
787,21,31,residential,1.0,20.9722,0.169646
788,21,32,residential,1.0,22.3611,0.182852
789,21,33,residential,1.0,23.8889,0.218267
790,21,34,residential,1.0,25.4167,0.233503
791,21,35,residential,1.0,19.5833,0.127181
792,22,0,residential,1.0,32.2222,0.307364
793,22,1,residential,1.0,41.6667,0.406006
794,22,2,residential,1.0,41.8056,0.413542
795,22,3,residential,1.0,43.3333,0.425303
796,22,4,residential,1.0,41.25,0.402064
797,22,5,residential,1.0,37.9167,0.366503
798,22,6,residential,1.0,32.3611,0.306456
799,22,7,residential,1.0,31.9444,0.309146
800,22,8,residential,1.0,31.9444,0.301238
801,22,9,residential,1.0,34.0278,0.323468
802,22,10,residential,1.0,26.3889,0.2521
803,22,11,residential,1.0,23.75,0.228983
804,22,12,residential,1.0,22.3611,0.180814
805,22,13,residential,1.0,26.6667,0.256582
806,22,14,residential,1.0,25.5556,0.238654
807,22,15,residential,1.0,22.3611,0.189809
808,22,16,residential,1.0,20.4167,0.143339
809,22,17,residential,1.0,22.2222,0.167393
810,22,18,residential,1.0,25.4167,0.242635
811,22,19,residential,1.0,30.0,0.26181
812,22,20,residential,1.0,32.0833,0.298165
813,22,21,residential,1.0,32.0833,0.29989
814,22,22,residential,1.0,28.0556,0.227434
815,22,23,residential,1.0,22.5,0.212562
816,22,24,residential,1.0,21.3889,0.156002
817,22,25,residential,1.0,21.9444,0.174912
818,22,26,residential,1.0,23.1944,0.220607
819,22,27,residential,1.0,24.7222,0.216595
820,22,28,residential,1.0,21.25,0.186041
821,22,29,residential,1.0,21.6667,0.165086
822,22,30,residential,1.0,23.4722,0.187928
823,22,31,residential,1.0,20.0,0.17345
824,22,32,residential,1.0,20.5556,0.15818
825,22,33,residential,1.0,22.2222,0.186666
826,22,34,residential,1.0,19.5833,0.12977
827,22,35,residential,1.0,19.5833,0.18085
828,23,0,residential,1.0,30.4167,0.278348
829,23,1,residential,1.0,39.7222,0.38406
830,23,2,residential,1.0,41.6667,0.406772
831,23,3,residential,1.0,37.7778,0.366411
832,23,4,residential,1.0,25.8333,0.228944
833,23,5,residential,1.0,22.2222,0.181385
834,23,6,residential,1.0,24.8611,0.213826
835,23,7,residential,1.0,31.1111,0.293151
836,23,8,residential,1.0,21.3889,0.174827
837,23,9,residential,1.0,21.8056,0.174138
838,23,10,residential,1.0,22.2222,0.167579
839,23,11,residential,1.0,20.0,0.138948
840,23,12,residential,1.0,24.1667,0.17187
841,23,13,residential,1.0,27.0833,0.260354
842,23,14,residential,1.0,33.6111,0.322201
843,23,15,residential,1.0,24.7222,0.19004
844,23,16,residential,1.0,22.9167,0.205481
845,23,17,residential,1.0,22.9167,0.221116
846,23,18,residential,1.0,23.75,0.183276
847,23,19,residential,1.0,23.4722,0.166267
848,23,20,residential,1.0,30.0,0.283035
849,23,21,residential,1.0,28.75,0.279383
850,23,22,residential,1.0,23.4722,0.172248
851,23,23,residential,1.0,21.3889,0.147708
852,23,24,residential,1.0,20.8333,0.159181
853,23,25,residential,1.0,21.9444,0.206392
854,23,26,residential,1.0,25.1389,0.237271
855,23,27,residential,1.0,25.1389,0.23909
856,23,28,residential,1.0,24.3056,0.185752
857,23,29,residential,1.0,23.4722,0.220014
858,23,30,residential,1.0,24.0278,0.229489
859,23,31,residential,1.0,23.4722,0.174529
860,23,32,residential,1.0,20.5556,0.175562
861,23,33,residential,1.0,23.1944,0.189862
862,23,34,residential,1.0,22.6389,0.155506
863,23,35,residential,1.0,19.4444,0.115407
864,24,0,residential,1.0,40.0,0.386372
865,24,1,residential,1.0,41.3889,0.403946
866,24,2,residential,1.0,41.1111,0.399837
867,24,3,residential,1.0,39.3056,0.380949
868,24,4,residential,1.0,37.5,0.353544
869,24,5,residential,1.0,26.6667,0.254314
870,24,6,residential,1.0,23.0556,0.221659
871,24,7,residential,1.0,24.1667,0.229397
872,24,8,residential,1.0,22.3611,0.184454
873,24,9,residential,1.0,22.2222,0.211734
874,24,10,residential,1.0,20.0,0.138812
875,24,11,residential,1.0,19.4444,0.11378
876,24,12,residential,1.0,22.5,0.17552
877,24,13,residential,1.0,34.1667,0.329987
878,24,14,residential,1.0,34.5833,0.335655
879,24,15,residential,1.0,33.6111,0.31575
880,24,16,residential,1.0,22.0833,0.183487
881,24,17,residential,1.0,23.75,0.22727
882,24,18,residential,1.0,24.4444,0.231653
883,24,19,residential,1.0,23.8889,0.160582
884,24,20,residential,1.0,23.6111,0.185876
885,24,21,residential,1.0,23.4722,0.172971
886,24,22,residential,1.0,20.1389,0.144298
887,24,23,residential,1.0,19.4444,0.103249
888,24,24,residential,1.0,19.7222,0.159925
889,24,25,residential,1.0,20.5556,0.162018
890,24,26,residential,1.0,21.5278,0.15277
891,24,27,residential,1.0,24.3056,0.205494
892,24,28,residential,1.0,19.4444,0.112979
893,24,29,residential,1.0,19.5833,0.11737
894,24,30,residential,1.0,23.4722,0.219546
895,24,31,residential,1.0,20.0,0.166614
896,24,32,residential,1.0,23.1944,0.221
897,24,33,residential,1.0,25.0,0.237462
898,24,34,residential,1.0,24.3056,0.230781
899,24,35,residential,1.0,22.6389,0.188381
900,25,0,residential,1.0,36.5278,0.356658
901,25,1,residential,1.0,40.0,0.384448
902,25,2,residential,1.0,38.8889,0.376664
903,25,3,residential,1.0,37.9167,0.36863
904,25,4,residential,1.0,38.8889,0.376393
905,25,5,residential,1.0,41.1111,0.398132
906,25,6,residential,1.0,22.7778,0.185438
907,25,7,residential,1.0,24.5833,0.23605
908,25,8,residential,1.0,26.9444,0.256655
909,25,9,residential,1.0,23.4722,0.221273
910,25,10,residential,1.0,22.2222,0.167276
911,25,11,residential,1.0,19.7222,0.139613
912,25,12,residential,1.0,33.8889,0.324423
913,25,13,residential,1.0,34.5833,0.33458
914,25,14,residential,1.0,34.1667,0.329987
915,25,15,residential,1.0,26.9444,0.192558
916,25,16,residential,1.0,20.9722,0.202175
917,25,17,residential,1.0,21.25,0.174513
918,25,18,residential,1.0,23.75,0.227472
919,25,19,residential,1.0,22.0833,0.160337
920,25,20,residential,1.0,21.6667,0.178271
921,25,21,residential,1.0,22.0833,0.174546
922,25,22,residential,1.0,20.6944,0.148037
923,25,23,residential,1.0,19.4444,0.098914
924,25,24,residential,1.0,19.4444,0.155269
925,25,25,residential,1.0,19.4444,0.108657
926,25,26,residential,1.0,19.5833,0.130007
927,25,27,residential,1.0,19.7222,0.157737
928,25,28,residential,1.0,19.5833,0.157119
929,25,29,residential,1.0,19.4444,0.154826
930,25,30,residential,1.0,19.4444,0.113379
931,25,31,residential,1.0,19.4444,0.100012
932,25,32,residential,1.0,19.7222,0.130511
933,25,33,residential,1.0,23.1944,0.195447
934,25,34,residential,1.0,22.6389,0.214962
935,25,35,residential,1.0,20.0,0.127186
936,26,0,residential,1.0,33.1944,0.293338
937,26,1,residential,1.0,33.3333,0.320002
938,26,2,residential,1.0,21.8056,0.185567
939,26,3,residential,1.0,37.2222,0.357896
940,26,4,residential,1.0,42.3611,0.406723
941,26,5,residential,1.0,44.7222,0.436032
942,26,6,residential,1.0,40.8333,0.394804
943,26,7,residential,1.0,26.6667,0.221866
944,26,8,residential,1.0,27.3611,0.258012
945,26,9,residential,1.0,26.25,0.251556
946,26,10,residential,1.0,21.1111,0.150135
947,26,11,residential,1.0,19.8611,0.16604
948,26,12,residential,1.0,22.3611,0.172102
949,26,13,residential,1.0,33.8889,0.324549
950,26,14,residential,1.0,27.2222,0.262784
951,26,15,residential,1.0,21.1111,0.184096
952,26,16,residential,1.0,20.1389,0.143881
953,26,17,residential,1.0,21.3889,0.177579
954,26,18,residential,1.0,21.8056,0.209612
955,26,19,residential,1.0,21.8056,0.209192
956,26,20,residential,1.0,21.9444,0.175749
957,26,21,residential,1.0,22.2222,0.215089
958,26,22,residential,1.0,21.6667,0.167513
959,26,23,residential,1.0,19.4444,0.117636
960,26,24,residential,1.0,19.7222,0.180047
961,26,25,residential,1.0,19.7222,0.156422
962,26,26,residential,1.0,19.7222,0.157729
963,26,27,residential,1.0,19.5833,0.132584
964,26,28,residential,1.0,19.4444,0.112867
965,26,29,residential,1.0,19.4444,0.155204
966,26,30,residential,1.0,19.4444,0.102521
967,26,31,residential,1.0,19.7222,0.112624
968,26,32,residential,1.0,21.8056,0.17685
969,26,33,residential,1.0,22.0833,0.210569
970,26,34,residential,1.0,20.9722,0.165921
971,26,35,residential,1.0,20.6944,0.135346
972,27,0,residential,1.0,24.8611,0.210943
973,27,1,residential,1.0,20.2778,0.157744
974,27,2,residential,1.0,27.7778,0.263787
975,27,3,residential,1.0,31.8056,0.311693
976,27,4,residential,1.0,44.4444,0.419338
977,27,5,residential,1.0,45.1389,0.442288
978,27,6,residential,1.0,44.3056,0.420707
979,27,7,residential,1.0,35.4167,0.33075
980,27,8,residential,1.0,26.25,0.225531
981,27,9,residential,1.0,21.1111,0.149735
982,27,10,residential,1.0,19.4444,0.130919
983,27,11,residential,1.0,20.1389,0.169645
984,27,12,residential,1.0,19.8611,0.141453
985,27,13,residential,1.0,22.3611,0.204454
986,27,14,residential,1.0,20.8333,0.16399
987,27,15,residential,1.0,22.5,0.168463
988,27,16,residential,1.0,21.1111,0.198819
989,27,17,residential,1.0,20.9722,0.198081
990,27,18,residential,1.0,21.3889,0.162711
991,27,19,residential,1.0,20.4167,0.132768
992,27,20,residential,1.0,19.4444,0.106506
993,27,21,residential,1.0,21.8056,0.184909
994,27,22,residential,1.0,19.4444,0.111921
995,27,23,residential,1.0,19.4444,0.14933
996,27,24,residential,1.0,19.4444,0.118755
997,27,25,residential,1.0,19.5833,0.155385
998,27,26,residential,1.0,20.0,0.130848
999,27,27,residential,1.0,19.5833,0.13066
1000,27,28,residential,1.0,19.5833,0.141706
1001,27,29,residential,1.0,19.4444,0.129545
1002,27,30,residential,1.0,19.8611,0.136779
1003,27,31,residential,1.0,21.6667,0.183389
1004,27,32,residential,1.0,23.3333,0.192823
1005,27,33,residential,1.0,22.9167,0.21837
1006,27,34,residential,1.0,22.9167,0.212581
1007,27,35,residential,1.0,25.2778,0.200292
1008,28,0,residential,1.0,25.6944,0.246267
1009,28,1,residential,1.0,24.8611,0.230044
1010,28,2,residential,1.0,19.4444,0.133515
1011,28,3,residential,1.0,28.0556,0.242045
1012,28,4,residential,1.0,33.3333,0.295405
1013,28,5,residential,1.0,44.3056,0.430481
1014,28,6,residential,1.0,35.5556,0.34067
1015,28,7,residential,1.0,26.6667,0.256853
1016,28,8,residential,1.0,23.6111,0.187694
1017,28,9,residential,1.0,19.4444,0.126416
1018,28,10,residential,1.0,20.0,0.136602
1019,28,11,residential,1.0,20.2778,0.192446
1020,28,12,residential,1.0,20.0,0.136706
1021,28,13,residential,1.0,20.1389,0.147401
1022,28,14,residential,1.0,22.7778,0.216583
1023,28,15,residential,1.0,23.75,0.22588
1024,28,16,residential,1.0,23.3333,0.219931
1025,28,17,residential,1.0,20.6944,0.153568
1026,28,18,residential,1.0,19.4444,0.113621
1027,28,19,residential,1.0,19.4444,0.093605
1028,28,20,residential,1.0,20.4167,0.146183
1029,28,21,residential,1.0,21.1111,0.174438
1030,28,22,residential,1.0,20.5556,0.172311
1031,28,23,residential,1.0,19.4444,0.115416
1032,28,24,residential,1.0,19.4444,0.103001
1033,28,25,residential,1.0,20.5556,0.151082
1034,28,26,residential,1.0,20.1389,0.170737
1035,28,27,residential,1.0,20.0,0.159193
1036,28,28,residential,1.0,19.4444,0.113323
1037,28,29,residential,1.0,21.1111,0.130897
1038,28,30,residential,1.0,19.7222,0.122811
1039,28,31,residential,1.0,23.75,0.184961
1040,28,32,residential,1.0,21.8056,0.21093
1041,28,33,residential,1.0,22.0833,0.161685
1042,28,34,residential,1.0,25.2778,0.242847
1043,28,35,residential,1.0,26.3889,0.244781
1044,29,0,residential,1.0,28.4722,0.245131
1045,29,1,residential,1.0,22.6389,0.19134
1046,29,2,residential,1.0,25.9722,0.210064
1047,29,3,residential,1.0,35.9722,0.334993
1048,29,4,residential,1.0,38.4722,0.370982
1049,29,5,residential,1.0,32.9167,0.309387
1050,29,6,residential,1.0,20.8333,0.163656
1051,29,7,residential,1.0,23.6111,0.190683
1052,29,8,residential,1.0,20.8333,0.158594
1053,29,9,residential,1.0,21.9444,0.185564
1054,29,10,residential,1.0,19.4444,0.122584
1055,29,11,residential,1.0,20.0,0.142242
1056,29,12,residential,1.0,19.5833,0.121957
1057,29,13,residential,1.0,20.2778,0.152697
1058,29,14,residential,1.0,28.4722,0.24065
1059,29,15,residential,1.0,33.6111,0.321718
1060,29,16,residential,1.0,21.3889,0.170666
1061,29,17,residential,1.0,19.4444,0.127909
1062,29,18,residential,1.0,19.4444,0.099929
1063,29,19,residential,1.0,19.4444,0.096419
1064,29,20,residential,1.0,19.8611,0.157272
1065,29,21,residential,1.0,20.5556,0.172699
1066,29,22,residential,1.0,21.1111,0.173924
1067,29,23,residential,1.0,20.4167,0.162476
1068,29,24,residential,1.0,20.5556,0.166986
1069,29,25,residential,1.0,20.8333,0.180709
1070,29,26,residential,1.0,20.6944,0.169532
1071,29,27,residential,1.0,19.4444,0.117853
1072,29,28,residential,1.0,21.1111,0.191864
1073,29,29,residential,1.0,21.6667,0.207782
1074,29,30,residential,1.0,23.75,0.224681
1075,29,31,residential,1.0,24.5833,0.234183
1076,29,32,residential,1.0,23.75,0.206265
1077,29,33,residential,1.0,20.2778,0.170111
1078,29,34,residential,1.0,20.8333,0.164648
1079,29,35,residential,1.0,25.4167,0.24417
1080,30,0,residential,1.0,29.5833,0.284292
1081,30,1,residential,1.0,28.3333,0.272399
1082,30,2,residential,1.0,35.5556,0.331123
1083,30,3,residential,1.0,39.0278,0.380429
1084,30,4,residential,1.0,39.8611,0.383612
1085,30,5,residential,1.0,38.4722,0.36694
1086,30,6,residential,1.0,21.25,0.165487
1087,30,7,residential,1.0,31.5278,0.295263
1088,30,8,residential,1.0,24.3056,0.232118
1089,30,9,residential,1.0,30.4167,0.286064
1090,30,10,residential,1.0,21.9444,0.164245
1091,30,11,residential,1.0,19.5833,0.185157
1092,30,12,residential,1.0,20.2778,0.159842
1093,30,13,residential,1.0,39.7222,0.385695
1094,30,14,residential,1.0,35.4167,0.33996
1095,30,15,residential,1.0,34.3056,0.332538
1096,30,16,residential,1.0,33.6111,0.321718
1097,30,17,residential,1.0,20.5556,0.194997
1098,30,18,residential,1.0,19.4444,0.111499
1099,30,19,residential,1.0,19.4444,0.095381
1100,30,20,residential,1.0,19.4444,0.151114
1101,30,21,residential,1.0,19.7222,0.121493
1102,30,22,residential,1.0,22.3611,0.183811
1103,30,23,residential,1.0,20.4167,0.169989
1104,30,24,residential,1.0,20.4167,0.160815
1105,30,25,residential,1.0,20.8333,0.167126
1106,30,26,residential,1.0,20.6944,0.168175
1107,30,27,residential,1.0,19.4444,0.106253
1108,30,28,residential,1.0,19.4444,0.106385
1109,30,29,residential,1.0,21.8056,0.168453
1110,30,30,residential,1.0,19.7222,0.143663
1111,30,31,residential,1.0,24.5833,0.202139
1112,30,32,residential,1.0,20.1389,0.158231
1113,30,33,residential,1.0,27.2222,0.2571
1114,30,34,residential,1.0,23.3333,0.193052
1115,30,35,residential,1.0,22.7778,0.196192
1116,31,0,residential,1.0,28.3333,0.263411
1117,31,1,residential,1.0,21.1111,0.160267
1118,31,2,residential,1.0,25.6944,0.244476
1119,31,3,residential,1.0,35.9722,0.344537
1120,31,4,residential,1.0,38.4722,0.370297
1121,31,5,residential,1.0,31.8056,0.253924
1122,31,6,residential,1.0,34.4444,0.328789
1123,31,7,residential,1.0,38.4722,0.375261
1124,31,8,residential,1.0,32.0833,0.2693
1125,31,9,residential,1.0,32.5,0.309669
1126,31,10,residential,1.0,30.2778,0.286284
1127,31,11,residential,1.0,20.2778,0.154631
1128,31,12,residential,1.0,39.7222,0.384712
1129,31,13,residential,1.0,42.5,0.411047
1130,31,14,residential,1.0,39.7222,0.385203
1131,31,15,residential,1.0,35.4167,0.33956
1132,31,16,residential,1.0,20.5556,0.153232
1133,31,17,residential,1.0,19.4444,0.11558
1134,31,18,residential,1.0,19.4444,0.088944
1135,31,19,residential,1.0,19.4444,0.14933
1136,31,20,residential,1.0,19.5833,0.125487
1137,31,21,residential,1.0,23.3333,0.22303
1138,31,22,residential,1.0,23.3333,0.220795
1139,31,23,residential,1.0,22.3611,0.175502
1140,31,24,residential,1.0,19.5833,0.119949
1141,31,25,residential,1.0,20.6944,0.169593
1142,31,26,residential,1.0,20.8333,0.182077
1143,31,27,residential,1.0,20.8333,0.172013
1144,31,28,residential,1.0,21.6667,0.135164
1145,31,29,residential,1.0,21.9444,0.213018
1146,31,30,residential,1.0,24.1667,0.22675
1147,31,31,residential,1.0,25.1389,0.238362
1148,31,32,residential,1.0,27.3611,0.230385
1149,31,33,residential,1.0,28.6111,0.268585
1150,31,34,residential,1.0,30.4167,0.29237
1151,31,35,residential,1.0,26.5278,0.234159
1152,32,0,residential,1.0,20.5556,0.173166
1153,32,1,residential,1.0,19.8611,0.164909
1154,32,2,residential,1.0,20.6944,0.158043
1155,32,3,residential,1.0,21.8056,0.160384
1156,32,4,residential,1.0,31.8056,0.296002
1157,32,5,residential,1.0,32.9167,0.300974
1158,32,6,residential,1.0,38.4722,0.375038
1159,32,7,residential,1.0,40.0,0.38156
1160,32,8,residential,1.0,38.4722,0.361735
1161,32,9,residential,1.0,31.9444,0.308154
1162,32,10,residential,1.0,29.4444,0.28341
1163,32,11,residential,1.0,22.3611,0.179912
1164,32,12,residential,1.0,37.5,0.359033
1165,32,13,residential,1.0,41.8056,0.403297
1166,32,14,residential,1.0,38.6111,0.365163
1167,32,15,residential,1.0,20.8333,0.161974
1168,32,16,residential,1.0,19.4444,0.106707
1169,32,17,residential,1.0,19.4444,0.083387
1170,32,18,residential,1.0,19.4444,0.083387
1171,32,19,residential,1.0,19.4444,0.109432
1172,32,20,residential,1.0,23.0556,0.189865
1173,32,21,residential,1.0,24.1667,0.223059
1174,32,22,residential,1.0,23.1944,0.187632
1175,32,23,residential,1.0,19.5833,0.147727
1176,32,24,residential,1.0,19.5833,0.122091
1177,32,25,residential,1.0,19.7222,0.160256
1178,32,26,residential,1.0,20.8333,0.157376
1179,32,27,residential,1.0,20.2778,0.184457
1180,32,28,residential,1.0,20.2778,0.135671
1181,32,29,residential,1.0,23.8889,0.202438
1182,32,30,residential,1.0,19.7222,0.140194
1183,32,31,residential,1.0,24.0278,0.226108
1184,32,32,residential,1.0,19.7222,0.138231
1185,32,33,residential,1.0,30.4167,0.285888
1186,32,34,residential,1.0,31.5278,0.301697
1187,32,35,residential,1.0,30.8333,0.285359
1188,33,0,residential,1.0,20.1389,0.156717
1189,33,1,residential,1.0,20.6944,0.196301
1190,33,2,residential,1.0,21.6667,0.208679
1191,33,3,residential,1.0,22.2222,0.178585
1192,33,4,residential,1.0,22.3611,0.211812
1193,33,5,residential,1.0,21.25,0.172027
1194,33,6,residential,1.0,33.6111,0.314612
1195,33,7,residential,1.0,38.4722,0.3701
1196,33,8,residential,1.0,31.1111,0.29373
1197,33,9,residential,1.0,29.4444,0.246615
1198,33,10,residential,1.0,25.8333,0.227685
1199,33,11,residential,1.0,24.7222,0.228457
1200,33,12,residential,1.0,26.25,0.226811
1201,33,13,residential,1.0,37.5,0.351232
1202,33,14,residential,1.0,25.5556,0.208597
1203,33,15,residential,1.0,19.7222,0.156417
1204,33,16,residential,1.0,19.8611,0.160019
1205,33,17,residential,1.0,19.4444,0.099097
1206,33,18,residential,1.0,19.4444,0.100358
1207,33,19,residential,1.0,20.5556,0.17698
1208,33,20,residential,1.0,21.6667,0.183949
1209,33,21,residential,1.0,23.1944,0.213528
1210,33,22,residential,1.0,20.1389,0.141743
1211,33,23,residential,1.0,20.6944,0.171684
1212,33,24,residential,1.0,20.9722,0.180964
1213,33,25,residential,1.0,19.5833,0.139776
1214,33,26,residential,1.0,19.4444,0.109996
1215,33,27,residential,1.0,20.2778,0.172045
1216,33,28,residential,1.0,23.75,0.192686
1217,33,29,residential,1.0,24.4444,0.232146
1218,33,30,residential,1.0,23.8889,0.195926
1219,33,31,residential,1.0,20.5556,0.178569
1220,33,32,residential,1.0,19.4444,0.116395
1221,33,33,residential,1.0,19.8611,0.147924
1222,33,34,residential,1.0,30.4167,0.291244
1223,33,35,residential,1.0,27.0833,0.240126
1224,34,0,residential,1.0,25.6944,0.244775
1225,34,1,residential,1.0,21.1111,0.165711
1226,34,2,residential,1.0,24.3056,0.23245
1227,34,3,residential,1.0,22.9167,0.212764
1228,34,4,residential,1.0,22.5,0.214979
1229,34,5,residential,1.0,20.6944,0.16984
1230,34,6,residential,1.0,21.9444,0.176216
1231,34,7,residential,1.0,30.6944,0.2939
1232,34,8,residential,1.0,21.1111,0.160485
1233,34,9,residential,1.0,24.3056,0.199743
1234,34,10,residential,1.0,27.5,0.252538
1235,34,11,residential,1.0,23.6111,0.195033
1236,34,12,residential,1.0,22.0833,0.172961
1237,34,13,residential,1.0,26.1111,0.240161
1238,34,14,residential,1.0,20.8333,0.150022
1239,34,15,residential,1.0,19.8611,0.141184
1240,34,16,residential,1.0,19.8611,0.165557
1241,34,17,residential,1.0,19.8611,0.160792
1242,34,18,residential,1.0,19.4444,0.11021
1243,34,19,residential,1.0,21.6667,0.174689
1244,34,20,residential,1.0,29.3056,0.247993
1245,34,21,residential,1.0,28.75,0.253899
1246,34,22,residential,1.0,27.6389,0.249977
1247,34,23,residential,1.0,29.4444,0.246761
1248,34,24,residential,1.0,24.8611,0.218749
1249,34,25,residential,1.0,21.1111,0.171521
1250,34,26,residential,1.0,19.4444,0.099471
1251,34,27,residential,1.0,19.4444,0.07437
1252,34,28,residential,1.0,20.4167,0.175184
1253,34,29,residential,1.0,23.8889,0.228134
1254,34,30,residential,1.0,22.2222,0.18302
1255,34,31,residential,1.0,29.8611,0.24366
1256,34,32,residential,1.0,25.8333,0.224475
1257,34,33,residential,1.0,21.5278,0.19661
1258,34,34,residential,1.0,21.5278,0.168312
1259,34,35,residential,1.0,24.5833,0.234061
1260,35,0,residential,1.0,26.3889,0.248357
1261,35,1,residential,1.0,25.8333,0.216558
1262,35,2,residential,1.0,24.7222,0.234728
1263,35,3,residential,1.0,23.6111,0.187194
1264,35,4,residential,1.0,20.6944,0.165794
1265,35,5,residential,1.0,22.2222,0.211631
1266,35,6,residential,1.0,27.0833,0.256751
1267,35,7,residential,1.0,28.1944,0.269824
1268,35,8,residential,1.0,27.2222,0.205912
1269,35,9,residential,1.0,27.5,0.24996
1270,35,10,residential,1.0,27.9167,0.268047
1271,35,11,residential,1.0,26.3889,0.220376
1272,35,12,residential,1.0,22.7778,0.169881
1273,35,13,residential,1.0,23.6111,0.22668
1274,35,14,residential,1.0,23.3333,0.220273
1275,35,15,residential,1.0,20.8333,0.1695
1276,35,16,residential,1.0,19.8611,0.142444
1277,35,17,residential,1.0,19.4444,0.122822
1278,35,18,residential,1.0,21.3889,0.170023
1279,35,19,residential,1.0,29.3056,0.278147
1280,35,20,residential,1.0,29.8611,0.289749
1281,35,21,residential,1.0,30.2778,0.28989
1282,35,22,residential,1.0,29.8611,0.288095
1283,35,23,residential,1.0,30.5556,0.289924
1284,35,24,residential,1.0,29.4444,0.277997
1285,35,25,residential,1.0,24.8611,0.205563
1286,35,26,residential,1.0,19.5833,0.134177
1287,35,27,residential,1.0,19.7222,0.119308
1288,35,28,residential,1.0,19.7222,0.187733
1289,35,29,residential,1.0,20.8333,0.155446
1290,35,30,residential,1.0,29.8611,0.28359
1291,35,31,residential,1.0,30.2778,0.294302
1292,35,32,residential,1.0,30.0,0.277132
1293,35,33,residential,1.0,26.25,0.252614
1294,35,34,residential,1.0,21.6667,0.161012
1295,35,35,residential,1.0,22.3611,0.214502
