id,row,col,building_type,norm,profile_id,pv_area_m2,battery_capacity_kwh,load_profile_hours,demand_min,demand_mean,demand_max
0,0,0,residential,0.0,Res_410302,1.0,5.0,720,0.035789,0.378645,3.697621
1,0,1,residential,0.0,Res_182242,1.0,5.0,720,0.20518,1.250503,6.832881
2,0,2,residential,0.0,Res_230015,1.0,5.0,720,0.034298,0.124466,1.17434
3,0,3,residential,0.0,Res_547904,1.0,5.0,720,0.035048,0.207958,0.967945
4,0,4,residential,0.0,Res_547904,1.0,5.0,720,0.035048,0.207958,0.967945
5,0,5,residential,0.0,Res_230015,1.0,5.0,720,0.034298,0.124466,1.17434
6,0,6,residential,0.0,Res_218306,1.0,5.0,720,0.034298,0.218342,0.380999
7,0,7,residential,0.0,Res_547904,1.0,5.0,720,0.035048,0.207958,0.967945
8,0,8,residential,0.0,Res_166565,1.0,5.0,720,0.736392,3.898932,11.130896
9,0,9,residential,0.0,Res_124041,1.0,5.0,720,0.23608,1.00641,4.901283
10,0,10,residential,0.0,Res_230015,1.0,5.0,720,0.034298,0.124466,1.17434
11,0,11,residential,0.0,Res_95956,1.0,5.0,720,0.206012,3.04712,6.087695
12,0,12,residential,0.0,Res_185045,1.0,5.0,720,0.26102,1.500459,3.437551
13,0,13,residential,0.0,Res_547904,1.0,5.0,720,0.035048,0.207958,0.967945
14,0,14,residential,0.0,Res_172937,1.0,5.0,720,0.187519,3.86434,11.39608
15,0,15,residential,0.0,Res_502196,1.0,5.0,720,0.034298,0.271927,1.656553
16,0,16,residential,0.0,Res_155037,1.0,5.0,720,0.141726,0.50867,5.531534
17,0,17,residential,0.0,Res_264699,1.0,5.0,720,0.035048,0.158604,0.70757
18,0,18,residential,0.0,Res_547904,1.0,5.0,720,0.035048,0.207958,0.967945
19,0,19,residential,0.0,Res_15985,1.0,5.0,720,0.037933,0.251899,1.441882
20,0,20,residential,0.0,Res_369114,1.0,5.0,720,0.392071,3.136573,20.858476
21,0,21,residential,0.0,Res_82326,1.0,5.0,720,0.33204,1.482575,10.600171
22,0,22,residential,0.0,Res_188180,1.0,5.0,720,0.036789,0.18632,1.157132
23,0,23,residential,0.0,Res_547904,1.0,5.0,720,0.035048,0.207958,0.967945
24,0,24,residential,0.0,Res_95956,1.0,5.0,720,0.206012,3.04712,6.087695
25,0,25,residential,0.0,Res_174763,1.0,5.0,720,0.283844,2.96277,9.40132
26,0,26,residential,0.0,Res_95956,1.0,5.0,720,0.206012,3.04712,6.087695
27,0,27,residential,0.0,Res_230015,1.0,5.0,720,0.034298,0.124466,1.17434
28,0,28,residential,0.0,Res_195409,1.0,5.0,720,0.211015,0.966308,8.938076
29,0,29,residential,0.0,Res_499888,1.0,5.0,720,0.071386,0.157605,1.408703
30,0,30,residential,0.0,Res_369114,1.0,5.0,720,0.392071,3.136573,20.858476
31,0,31,residential,0.0,Res_188180,1.0,5.0,720,0.036789,0.18632,1.157132
32,0,32,residential,0.0,Res_95956,1.0,5.0,720,0.206012,3.04712,6.087695
33,0,33,residential,0.0,Res_302848,1.0,5.0,720,0.241132,1.173226,10.06914
34,0,34,residential,0.0,Res_547904,1.0,5.0,720,0.035048,0.207958,0.967945
35,0,35,residential,0.0,Res_410302,1.0,5.0,720,0.035789,0.378645,3.697621
36,1,0,residential,0.0,Res_95956,1.0,5.0,720,0.206012,3.04712,6.087695
37,1,1,residential,0.0,Res_494220,1.0,5.0,720,0.237774,1.865911,13.977485
38,1,2,residential,0.0,Res_547904,1.0,5.0,720,0.035048,0.207958,0.967945
39,1,3,residential,0.0,Res_219546,1.0,5.0,720,0.202689,0.900502,10.337203
40,1,4,residential,0.0,Res_230015,1.0,5.0,720,0.034298,0.124466,1.17434
41,1,5,residential,0.0,Res_459495,1.0,5.0,720,0.034298,0.240858,2.114878
42,1,6,residential,0.0,Res_547904,1.0,5.0,720,0.035048,0.207958,0.967945
43,1,7,residential,0.0,Res_95956,1.0,5.0,720,0.206012,3.04712,6.087695
44,1,8,residential,0.0,Res_547904,1.0,5.0,720,0.035048,0.207958,0.967945
45,1,9,residential,0.0,Res_547904,1.0,5.0,720,0.035048,0.207958,0.967945
46,1,10,residential,0.0,Res_369114,1.0,5.0,720,0.392071,3.136573,20.858476
47,1,11,residential,0.0,Res_410302,1.0,5.0,720,0.035789,0.378645,3.697621
48,1,12,residential,0.0,Res_112684,1.0,5.0,720,0.035048,0.225885,2.880728
49,1,13,residential,0.0,Res_502196,1.0,5.0,720,0.034298,0.271927,1.656553
50,1,14,residential,0.0,Res_264699,1.0,5.0,720,0.035048,0.158604,0.70757
51,1,15,residential,0.0,Res_547904,1.0,5.0,720,0.035048,0.207958,0.967945
52,1,16,residential,0.0,Res_214280,1.0,5.0,720,0.035789,0.259703,1.020828
53,1,17,residential,0.0,Res_251238,1.0,5.0,720,0.035789,0.402109,4.169606
54,1,18,residential,0.0,Res_182242,1.0,5.0,720,0.20518,1.250503,6.832881
55,1,19,residential,0.0,Res_230015,1.0,5.0,720,0.034298,0.124466,1.17434
56,1,20,residential,0.0,Res_494220,1.0,5.0,720,0.237774,1.865911,13.977485
57,1,21,residential,0.0,Res_251238,1.0,5.0,720,0.035789,0.402109,4.169606
58,1,22,residential,0.0,Res_91241,1.0,5.0,720,0.035048,0.159498,0.644628
59,1,23,residential,0.0,Res_265847,1.0,5.0,720,0.040583,0.134962,0.388051
60,1,24,residential,0.0,Res_30412,1.0,5.0,720,0.035789,0.109417,0.805457
61,1,25,residential,0.0,Res_468097,1.0,5.0,720,0.327086,1.108329,4.605244
62,1,26,residential,0.0,Res_95956,1.0,5.0,720,0.206012,3.04712,6.087695
63,1,27,residential,0.0,Res_117035,1.0,5.0,720,0.031611,0.221017,0.377884
64,1,28,residential,0.0,Res_302848,1.0,5.0,720,0.241132,1.173226,10.06914
65,1,29,residential,0.0,Res_108418,1.0,5.0,720,0.1728,0.926858,4.928296
66,1,30,residential,0.0,Res_251238,1.0,5.0,720,0.035789,0.402109,4.169606
67,1,31,residential,0.0,Res_188180,1.0,5.0,720,0.036789,0.18632,1.157132
68,1,32,residential,0.0,Res_547904,1.0,5.0,720,0.035048,0.207958,0.967945
69,1,33,residential,0.0,Res_455494,1.0,5.0,720,0.237056,1.89623,6.69992
70,1,34,residential,0.0,Res_547904,1.0,5.0,720,0.035048,0.207958,0.967945
71,1,35,residential,0.0,Res_485263,1.0,5.0,720,0.130668,0.909229,8.127046
72,2,0,residential,0.0,Res_95956,1.0,5.0,720,0.206012,3.04712,6.087695
73,2,1,residential,0.0,Res_499888,1.0,5.0,720,0.071386,0.157605,1.408703
74,2,2,residential,0.0,Res_455494,1.0,5.0,720,0.237056,1.89623,6.69992
75,2,3,residential,0.0,Res_95956,1.0,5.0,720,0.206012,3.04712,6.087695
76,2,4,residential,0.0,Res_155037,1.0,5.0,720,0.141726,0.50867,5.531534
77,2,5,residential,0.0,Res_61934,1.0,5.0,720,0.300381,4.105184,14.376828
78,2,6,residential,0.0,Res_230015,1.0,5.0,720,0.034298,0.124466,1.17434
79,2,7,residential,0.0,Res_547904,1.0,5.0,720,0.035048,0.207958,0.967945
80,2,8,residential,0.0,Res_464230,1.0,5.0,720,0.065952,0.324269,1.35857
81,2,9,residential,0.0,Res_494220,1.0,5.0,720,0.237774,1.865911,13.977485
82,2,10,residential,0.0,Res_499888,1.0,5.0,720,0.071386,0.157605,1.408703
83,2,11,residential,0.0,Res_306724,1.0,5.0,720,0.17494,1.297057,11.365876
84,2,12,residential,0.0,Res_182242,1.0,5.0,720,0.20518,1.250503,6.832881
85,2,13,residential,0.0,Res_172937,1.0,5.0,720,0.187519,3.86434,11.39608
86,2,14,residential,0.0,Res_309813,1.0,5.0,720,0.034298,0.106326,0.705398
87,2,15,residential,0.0,Res_520632,1.0,5.0,720,0.039583,0.208395,0.470482
88,2,16,residential,0.0,Res_155037,1.0,5.0,720,0.141726,0.50867,5.531534
89,2,17,residential,0.0,Res_182242,1.0,5.0,720,0.20518,1.250503,6.832881
90,2,18,residential,0.0,Res_91241,1.0,5.0,720,0.035048,0.159498,0.644628
91,2,19,residential,0.0,Res_261790,1.0,5.0,720,0.251773,1.250569,5.826542
92,2,20,residential,0.0,Res_219836,1.0,5.0,720,0.277474,5.234768,16.536157
93,2,21,residential,0.0,Res_520632,1.0,5.0,720,0.039583,0.208395,0.470482
94,2,22,residential,0.0,Res_85705,1.0,5.0,720,0.035048,0.162664,1.937504
95,2,23,residential,0.0,Res_261790,1.0,5.0,720,0.251773,1.250569,5.826542
96,2,24,residential,0.0,Res_251238,1.0,5.0,720,0.035789,0.402109,4.169606
97,2,25,residential,0.0,Res_139809,1.0,5.0,720,0.118507,0.422026,2.605392
98,2,26,residential,0.0,Res_188180,1.0,5.0,720,0.036789,0.18632,1.157132
99,2,27,residential,0.0,Res_547904,1.0,5.0,720,0.035048,0.207958,0.967945
100,2,28,residential,0.0,Res_485263,1.0,5.0,720,0.130668,0.909229,8.127046
101,2,29,residential,0.0,Res_230015,1.0,5.0,720,0.034298,0.124466,1.17434
102,2,30,residential,0.0,Res_95956,1.0,5.0,720,0.206012,3.04712,6.087695
103,2,31,residential,0.0,Res_505641,1.0,5.0,720,0.129296,3.20737,10.241891
104,2,32,residential,0.0,Res_105961,1.0,5.0,720,0.14182,1.653943,6.486399
105,2,33,residential,0.0,Res_538228,1.0,5.0,720,0.291743,2.170961,14.240562
106,2,34,residential,0.0,Res_499888,1.0,5.0,720,0.071386,0.157605,1.408703
107,2,35,residential,0.0,Res_423714,1.0,5.0,720,0.150184,2.106483,20.21389
108,3,0,residential,0.0,Res_218306,1.0,5.0,720,0.034298,0.218342,0.380999
109,3,1,residential,0.0,Res_461838,1.0,5.0,720,0.172361,0.940794,5.588295
110,3,2,residential,0.0,Res_182242,1.0,5.0,720,0.20518,1.250503,6.832881
111,3,3,residential,0.0,Res_261790,1.0,5.0,720,0.251773,1.250569,5.826542
112,3,4,residential,0.0,Res_499210,1.0,5.0,720,0.246626,4.118168,16.265282
113,3,5,residential,0.0,Res_426718,1.0,5.0,720,0.108291,0.653769,5.868872
114,3,6,residential,0.0,Res_410302,1.0,5.0,720,0.035789,0.378645,3.697621
115,3,7,residential,0.0,Res_369114,1.0,5.0,720,0.392071,3.136573,20.858476
116,3,8,residential,0.0,Res_499888,1.0,5.0,720,0.071386,0.157605,1.408703
117,3,9,residential,0.0,Res_302848,1.0,5.0,720,0.241132,1.173226,10.06914
118,3,10,residential,0.0,Res_459495,1.0,5.0,720,0.034298,0.240858,2.114878
119,3,11,residential,0.0,Res_547904,1.0,5.0,720,0.035048,0.207958,0.967945
120,3,12,residential,0.0,Res_494220,1.0,5.0,720,0.237774,1.865911,13.977485
121,3,13,residential,0.0,Res_485263,1.0,5.0,720,0.130668,0.909229,8.127046
122,3,14,residential,0.0,Res_251238,1.0,5.0,720,0.035789,0.402109,4.169606
123,3,15,residential,0.0,Res_155037,1.0,5.0,720,0.141726,0.50867,5.531534
124,3,16,residential,0.0,Res_155037,1.0,5.0,720,0.141726,0.50867,5.531534
125,3,17,residential,0.0,Res_183012,1.0,5.0,720,0.035789,0.244509,1.958804
126,3,18,residential,0.0,Res_520632,1.0,5.0,720,0.039583,0.208395,0.470482
127,3,19,residential,0.0,Res_218306,1.0,5.0,720,0.034298,0.218342,0.380999
128,3,20,residential,0.0,Res_218306,1.0,5.0,720,0.034298,0.218342,0.380999
129,3,21,residential,0.0,Res_520632,1.0,5.0,720,0.039583,0.208395,0.470482
130,3,22,residential,0.0,Res_251238,1.0,5.0,720,0.035789,0.402109,4.169606
131,3,23,residential,0.0,Res_251238,1.0,5.0,720,0.035789,0.402109,4.169606
132,3,24,residential,0.0,Res_155037,1.0,5.0,720,0.141726,0.50867,5.531534
133,3,25,residential,0.0,Res_520632,1.0,5.0,720,0.039583,0.208395,0.470482
134,3,26,residential,0.0,Res_230015,1.0,5.0,720,0.034298,0.124466,1.17434
135,3,27,residential,0.0,Res_346138,1.0,5.0,720,0.072249,0.290454,1.545482
136,3,28,residential,0.0,Res_207549,1.0,5.0,720,0.188368,0.990854,6.764716
137,3,29,residential,0.0,Res_410302,1.0,5.0,720,0.035789,0.378645,3.697621
138,3,30,residential,0.0,Res_547904,1.0,5.0,720,0.035048,0.207958,0.967945
139,3,31,residential,0.0,Res_410302,1.0,5.0,720,0.035789,0.378645,3.697621
140,3,32,residential,0.0,Res_547904,1.0,5.0,720,0.035048,0.207958,0.967945
141,3,33,residential,0.0,Res_547904,1.0,5.0,720,0.035048,0.207958,0.967945
142,3,34,residential,0.0,Res_410302,1.0,5.0,720,0.035789,0.378645,3.697621
143,3,35,residential,0.0,Res_138378,1.0,5.0,720,0.458556,2.654015,6.869353
144,4,0,residential,0.0,Res_547904,1.0,5.0,720,0.035048,0.207958,0.967945
145,4,1,residential,0.0,Res_302848,1.0,5.0,720,0.241132,1.173226,10.06914
146,4,2,residential,0.0,Res_117035,1.0,5.0,720,0.031611,0.221017,0.377884
147,4,3,residential,0.0,Res_182242,1.0,5.0,720,0.20518,1.250503,6.832881
148,4,4,residential,0.0,Res_95956,1.0,5.0,720,0.206012,3.04712,6.087695
149,4,5,residential,0.0,Res_251238,1.0,5.0,720,0.035789,0.402109,4.169606
150,4,6,residential,0.0,Res_485263,1.0,5.0,720,0.130668,0.909229,8.127046
151,4,7,residential,0.0,Res_494220,1.0,5.0,720,0.237774,1.865911,13.977485
152,4,8,residential,0.0,Res_329249,1.0,5.0,720,0.123984,0.675965,4.18592
153,4,9,residential,0.0,Res_82326,1.0,5.0,720,0.33204,1.482575,10.600171
154,4,10,residential,0.0,Res_182242,1.0,5.0,720,0.20518,1.250503,6.832881
155,4,11,residential,0.0,Res_547904,1.0,5.0,720,0.035048,0.207958,0.967945
156,4,12,residential,0.0,Res_155037,1.0,5.0,720,0.141726,0.50867,5.531534
157,4,13,residential,0.0,Res_230015,1.0,5.0,720,0.034298,0.124466,1.17434
158,4,14,residential,0.0,Res_132505,1.0,5.0,720,0.162946,2.085416,10.13319
159,4,15,residential,0.0,Res_502967,1.0,5.0,720,0.039583,0.263694,1.490018
160,4,16,residential,0.0,Res_214280,1.0,5.0,720,0.035789,0.259703,1.020828
161,4,17,residential,0.0,Res_251238,1.0,5.0,720,0.035789,0.402109,4.169606
162,4,18,residential,0.0,Res_520632,1.0,5.0,720,0.039583,0.208395,0.470482
163,4,19,residential,0.0,Res_502967,1.0,5.0,720,0.039583,0.263694,1.490018
164,4,20,residential,0.0,Res_232815,1.0,5.0,720,0.47685,6.044463,19.920395
165,4,21,residential,0.0,Res_251238,1.0,5.0,720,0.035789,0.402109,4.169606
166,4,22,residential,0.0,Res_251238,1.0,5.0,720,0.035789,0.402109,4.169606
167,4,23,residential,0.0,Res_261790,1.0,5.0,720,0.251773,1.250569,5.826542
168,4,24,residential,0.0,Res_261790,1.0,5.0,720,0.251773,1.250569,5.826542
169,4,25,residential,0.0,Res_251238,1.0,5.0,720,0.035789,0.402109,4.169606
170,4,26,residential,0.0,Res_183012,1.0,5.0,720,0.035789,0.244509,1.958804
171,4,27,residential,0.0,Res_459495,1.0,5.0,720,0.034298,0.240858,2.114878
172,4,28,residential,0.0,Res_188180,1.0,5.0,720,0.036789,0.18632,1.157132
173,4,29,residential,0.0,Res_547904,1.0,5.0,720,0.035048,0.207958,0.967945
174,4,30,residential,0.0,Res_547904,1.0,5.0,720,0.035048,0.207958,0.967945
175,4,31,residential,0.0,Res_410302,1.0,5.0,720,0.035789,0.378645,3.697621
176,4,32,residential,0.0,Res_455494,1.0,5.0,720,0.237056,1.89623,6.69992
177,4,33,residential,0.0,Res_547904,1.0,5.0,720,0.035048,0.207958,0.967945
178,4,34,residential,0.0,Res_547904,1.0,5.0,720,0.035048,0.207958,0.967945
179,4,35,residential,0.0,Res_302848,1.0,5.0,720,0.241132,1.173226,10.06914
180,5,0,residential,0.0,Res_449646,1.0,5.0,720,0.035789,0.265539,1.154668
181,5,1,residential,0.0,Res_302848,1.0,5.0,720,0.241132,1.173226,10.06914
182,5,2,residential,0.0,Res_302848,1.0,5.0,720,0.241132,1.173226,10.06914
183,5,3,residential,0.0,Res_407616,1.0,5.0,720,0.139939,0.714861,5.054496
184,5,4,residential,0.0,Res_15985,1.0,5.0,720,0.037933,0.251899,1.441882
185,5,5,residential,0.0,Res_218306,1.0,5.0,720,0.034298,0.218342,0.380999
186,5,6,residential,0.0,Res_346138,1.0,5.0,720,0.072249,0.290454,1.545482
187,5,7,residential,0.0,Res_499888,1.0,5.0,720,0.071386,0.157605,1.408703
188,5,8,residential,0.0,Res_410302,1.0,5.0,720,0.035789,0.378645,3.697621
189,5,9,residential,0.0,Res_95956,1.0,5.0,720,0.206012,3.04712,6.087695
190,5,10,residential,0.0,Res_499888,1.0,5.0,720,0.071386,0.157605,1.408703
191,5,11,residential,0.0,Res_187383,1.0,5.0,720,0.034298,0.09507,0.725573
192,5,12,residential,0.0,Res_72557,1.0,5.0,720,0.115591,1.230086,5.290211
193,5,13,residential,0.0,Res_172937,1.0,5.0,720,0.187519,3.86434,11.39608
194,5,14,residential,0.0,Res_101193,1.0,5.0,720,0.240915,1.130487,6.616498
195,5,15,residential,0.0,Res_520632,1.0,5.0,720,0.039583,0.208395,0.470482
196,5,16,residential,0.0,Res_520632,1.0,5.0,720,0.039583,0.208395,0.470482
197,5,17,residential,0.0,Res_520632,1.0,5.0,720,0.039583,0.208395,0.470482
198,5,18,residential,0.0,Res_392073,1.0,5.0,720,0.031611,0.22193,0.377692
199,5,19,residential,0.0,Res_251238,1.0,5.0,720,0.035789,0.402109,4.169606
200,5,20,residential,0.0,Res_218306,1.0,5.0,720,0.034298,0.218342,0.380999
201,5,21,residential,0.0,Res_520632,1.0,5.0,720,0.039583,0.208395,0.470482
202,5,22,residential,0.0,Res_251238,1.0,5.0,720,0.035789,0.402109,4.169606
203,5,23,residential,0.0,Res_261790,1.0,5.0,720,0.251773,1.250569,5.826542
204,5,24,residential,0.0,Res_251238,1.0,5.0,720,0.035789,0.402109,4.169606
205,5,25,residential,0.0,Res_218306,1.0,5.0,720,0.034298,0.218342,0.380999
206,5,26,residential,0.0,Res_183012,1.0,5.0,720,0.035789,0.244509,1.958804
207,5,27,residential,0.0,Res_471290,1.0,5.0,720,0.038683,0.210781,3.199924
208,5,28,residential,0.0,Res_369114,1.0,5.0,720,0.392071,3.136573,20.858476
209,5,29,residential,0.0,Res_188180,1.0,5.0,720,0.036789,0.18632,1.157132
210,5,30,residential,0.0,Res_85333,1.0,5.0,720,0.445498,1.920442,13.47153
211,5,31,residential,0.0,Res_547904,1.0,5.0,720,0.035048,0.207958,0.967945
212,5,32,residential,0.0,Res_230015,1.0,5.0,720,0.034298,0.124466,1.17434
213,5,33,residential,0.0,Res_449646,1.0,5.0,720,0.035789,0.265539,1.154668
214,5,34,residential,0.0,Res_85333,1.0,5.0,720,0.445498,1.920442,13.47153
215,5,35,residential,0.0,Res_547904,1.0,5.0,720,0.035048,0.207958,0.967945
216,6,0,residential,0.0,Res_410302,1.0,5.0,720,0.035789,0.378645,3.697621
217,6,1,residential,0.0,Res_188180,1.0,5.0,720,0.036789,0.18632,1.157132
218,6,2,residential,0.0,Res_547904,1.0,5.0,720,0.035048,0.207958,0.967945
219,6,3,residential,0.0,Res_37262,1.0,5.0,720,0.035789,0.321087,1.97337
220,6,4,residential,0.0,Res_547904,1.0,5.0,720,0.035048,0.207958,0.967945
221,6,5,residential,0.0,Res_188180,1.0,5.0,720,0.036789,0.18632,1.157132
222,6,6,residential,0.0,Res_95956,1.0,5.0,720,0.206012,3.04712,6.087695
223,6,7,residential,0.0,Res_219836,1.0,5.0,720,0.277474,5.234768,16.536157
224,6,8,residential,0.0,Res_502196,1.0,5.0,720,0.034298,0.271927,1.656553
225,6,9,residential,0.0,Res_520632,1.0,5.0,720,0.039583,0.208395,0.470482
226,6,10,residential,0.0,Res_85333,1.0,5.0,720,0.445498,1.920442,13.47153
227,6,11,residential,0.0,Res_499888,1.0,5.0,720,0.071386,0.157605,1.408703
228,6,12,residential,0.0,Res_95956,1.0,5.0,720,0.206012,3.04712,6.087695
229,6,13,residential,0.0,Res_501523,1.0,5.0,720,0.035789,0.233378,0.386502
230,6,14,residential,0.0,Res_115112,1.0,5.0,720,0.161842,0.767349,7.70198
231,6,15,residential,0.0,Res_251238,1.0,5.0,720,0.035789,0.402109,4.169606
232,6,16,residential,0.0,Res_251238,1.0,5.0,720,0.035789,0.402109,4.169606
233,6,17,residential,0.0,Res_265847,1.0,5.0,720,0.040583,0.134962,0.388051
234,6,18,residential,0.0,Res_247392,1.0,5.0,720,0.160023,3.427502,10.085482
235,6,19,residential,0.0,Res_43849,1.0,5.0,720,0.187879,0.657372,11.35816
236,6,20,residential,0.0,Res_251238,1.0,5.0,720,0.035789,0.402109,4.169606
237,6,21,residential,0.0,Res_218306,1.0,5.0,720,0.034298,0.218342,0.380999
238,6,22,residential,0.0,Res_251238,1.0,5.0,720,0.035789,0.402109,4.169606
239,6,23,residential,0.0,Res_403100,1.0,5.0,720,0.158891,0.882266,3.33169
240,6,24,residential,0.0,Res_218306,1.0,5.0,720,0.034298,0.218342,0.380999
241,6,25,residential,0.0,Res_26523,1.0,5.0,720,0.035048,0.176417,1.081797
242,6,26,residential,0.0,Res_39953,1.0,5.0,720,0.105009,0.514717,3.938502
243,6,27,residential,0.0,Res_499888,1.0,5.0,720,0.071386,0.157605,1.408703
244,6,28,residential,0.0,Res_264699,1.0,5.0,720,0.035048,0.158604,0.70757
245,6,29,residential,0.0,Res_520632,1.0,5.0,720,0.039583,0.208395,0.470482
246,6,30,residential,0.0,Res_144118,1.0,5.0,720,0.144999,1.006965,5.139812
247,6,31,residential,0.0,Res_357215,1.0,5.0,720,0.270737,1.766402,10.284504
248,6,32,residential,0.0,Res_494220,1.0,5.0,720,0.237774,1.865911,13.977485
249,6,33,residential,0.0,Res_188180,1.0,5.0,720,0.036789,0.18632,1.157132
250,6,34,residential,0.0,Res_547904,1.0,5.0,720,0.035048,0.207958,0.967945
251,6,35,residential,0.0,Res_499888,1.0,5.0,720,0.071386,0.157605,1.408703
252,7,0,residential,0.0,Res_538228,1.0,5.0,720,0.291743,2.170961,14.240562
253,7,1,residential,0.0,Res_499888,1.0,5.0,720,0.071386,0.157605,1.408703
254,7,2,residential,0.0,Res_485263,1.0,5.0,720,0.130668,0.909229,8.127046
255,7,3,residential,0.0,Res_346138,1.0,5.0,720,0.072249,0.290454,1.545482
256,7,4,residential,0.0,Res_382529,1.0,5.0,720,0.035789,0.255002,1.278521
257,7,5,residential,0.0,Res_496355,1.0,5.0,720,0.242013,2.22553,7.293638
258,7,6,residential,0.0,Res_85333,1.0,5.0,720,0.445498,1.920442,13.47153
259,7,7,residential,0.0,Res_95956,1.0,5.0,720,0.206012,3.04712,6.087695
260,7,8,residential,0.0,Res_499888,1.0,5.0,720,0.071386,0.157605,1.408703
261,7,9,residential,0.0,Res_268794,1.0,5.0,720,0.034298,0.243303,0.782874
262,7,10,residential,0.0,Res_547904,1.0,5.0,720,0.035048,0.207958,0.967945
263,7,11,residential,0.0,Res_85333,1.0,5.0,720,0.445498,1.920442,13.47153
264,7,12,residential,0.0,Res_85333,1.0,5.0,720,0.445498,1.920442,13.47153
265,7,13,residential,0.0,Res_85333,1.0,5.0,720,0.445498,1.920442,13.47153
266,7,14,residential,0.0,Res_85333,1.0,5.0,720,0.445498,1.920442,13.47153
267,7,15,residential,0.0,Res_230015,1.0,5.0,720,0.034298,0.124466,1.17434
268,7,16,residential,0.0,Res_155037,1.0,5.0,720,0.141726,0.50867,5.531534
269,7,17,residential,0.0,Res_155037,1.0,5.0,720,0.141726,0.50867,5.531534
270,7,18,residential,0.0,Res_218306,1.0,5.0,720,0.034298,0.218342,0.380999
271,7,19,residential,0.0,Res_214280,1.0,5.0,720,0.035789,0.259703,1.020828
272,7,20,residential,0.0,Res_183012,1.0,5.0,720,0.035789,0.244509,1.958804
273,7,21,residential,0.0,Res_251238,1.0,5.0,720,0.035789,0.402109,4.169606
274,7,22,residential,0.0,Res_218306,1.0,5.0,720,0.034298,0.218342,0.380999
275,7,23,residential,0.0,Res_356703,1.0,5.0,720,0.032986,0.228771,0.706262
276,7,24,residential,0.0,Res_260901,1.0,5.0,720,0.031611,0.244331,1.079783
277,7,25,residential,0.0,Res_16777,1.0,5.0,720,0.034298,0.231555,0.382347
278,7,26,residential,0.0,Res_55846,1.0,5.0,720,0.107217,0.483192,3.752829
279,7,27,residential,0.0,Res_118981,1.0,5.0,720,0.035789,0.234675,1.07825
280,7,28,residential,0.0,Res_139537,1.0,5.0,720,0.207232,1.032742,7.490055
281,7,29,residential,0.0,Res_155037,1.0,5.0,720,0.141726,0.50867,5.531534
282,7,30,residential,0.0,Res_547904,1.0,5.0,720,0.035048,0.207958,0.967945
283,7,31,residential,0.0,Res_182242,1.0,5.0,720,0.20518,1.250503,6.832881
284,7,32,residential,0.0,Res_468097,1.0,5.0,720,0.327086,1.108329,4.605244
285,7,33,residential,0.0,Res_369114,1.0,5.0,720,0.392071,3.136573,20.858476
286,7,34,residential,0.0,Res_182242,1.0,5.0,720,0.20518,1.250503,6.832881
287,7,35,residential,0.0,Res_499888,1.0,5.0,720,0.071386,0.157605,1.408703
288,8,0,residential,0.0,Res_494220,1.0,5.0,720,0.237774,1.865911,13.977485
289,8,1,residential,0.0,Res_95956,1.0,5.0,720,0.206012,3.04712,6.087695
290,8,2,residential,0.0,Res_547904,1.0,5.0,720,0.035048,0.207958,0.967945
291,8,3,residential,0.0,Res_369114,1.0,5.0,720,0.392071,3.136573,20.858476
292,8,4,residential,0.0,Res_85333,1.0,5.0,720,0.445498,1.920442,13.47153
293,8,5,residential,0.0,Res_410302,1.0,5.0,720,0.035789,0.378645,3.697621
294,8,6,residential,0.0,Res_85333,1.0,5.0,720,0.445498,1.920442,13.47153
295,8,7,residential,0.0,Res_115112,1.0,5.0,720,0.161842,0.767349,7.70198
296,8,8,residential,0.0,Res_85333,1.0,5.0,720,0.445498,1.920442,13.47153
297,8,9,residential,0.0,Res_230015,1.0,5.0,720,0.034298,0.124466,1.17434
298,8,10,residential,0.0,Res_85333,1.0,5.0,720,0.445498,1.920442,13.47153
299,8,11,residential,0.0,Res_85333,1.0,5.0,720,0.445498,1.920442,13.47153
300,8,12,residential,0.0,Res_501523,1.0,5.0,720,0.035789,0.233378,0.386502
301,8,13,residential,0.0,Res_496355,1.0,5.0,720,0.242013,2.22553,7.293638
302,8,14,residential,0.0,Res_15985,1.0,5.0,720,0.037933,0.251899,1.441882
303,8,15,residential,0.0,Res_520632,1.0,5.0,720,0.039583,0.208395,0.470482
304,8,16,residential,0.0,Res_501523,1.0,5.0,720,0.035789,0.233378,0.386502
305,8,17,residential,0.0,Res_85333,1.0,5.0,720,0.445498,1.920442,13.47153
306,8,18,residential,0.0,Res_230015,1.0,5.0,720,0.034298,0.124466,1.17434
307,8,19,residential,0.0,Res_85333,1.0,5.0,720,0.445498,1.920442,13.47153
308,8,20,residential,0.0,Res_108418,1.0,5.0,720,0.1728,0.926858,4.928296
309,8,21,residential,0.0,Res_356703,1.0,5.0,720,0.032986,0.228771,0.706262
310,8,22,residential,0.0,Res_260901,1.0,5.0,720,0.031611,0.244331,1.079783
311,8,23,residential,0.0,Res_42776,1.0,5.0,720,0.1082,1.042982,3.872743
312,8,24,residential,0.0,Res_260901,1.0,5.0,720,0.031611,0.244331,1.079783
313,8,25,residential,0.0,Res_268674,1.0,5.0,720,0.032361,0.13225,0.375929
314,8,26,residential,0.0,Res_353580,1.0,5.0,720,0.036038,0.217429,0.380413
315,8,27,residential,0.0,Res_353580,1.0,5.0,720,0.036038,0.217429,0.380413
316,8,28,residential,0.0,Res_353580,1.0,5.0,720,0.036038,0.217429,0.380413
317,8,29,residential,0.0,Res_182242,1.0,5.0,720,0.20518,1.250503,6.832881
318,8,30,residential,0.0,Res_37262,1.0,5.0,720,0.035789,0.321087,1.97337
319,8,31,residential,0.0,Res_230015,1.0,5.0,720,0.034298,0.124466,1.17434
320,8,32,residential,0.0,Res_182242,1.0,5.0,720,0.20518,1.250503,6.832881
321,8,33,residential,0.0,Res_494220,1.0,5.0,720,0.237774,1.865911,13.977485
322,8,34,residential,0.0,Res_538228,1.0,5.0,720,0.291743,2.170961,14.240562
323,8,35,residential,0.0,Res_547904,1.0,5.0,720,0.035048,0.207958,0.967945
324,9,0,residential,0.0,Res_494220,1.0,5.0,720,0.237774,1.865911,13.977485
325,9,1,residential,0.0,Res_95956,1.0,5.0,720,0.206012,3.04712,6.087695
326,9,2,residential,0.0,Res_547904,1.0,5.0,720,0.035048,0.207958,0.967945
327,9,3,residential,0.0,Res_230015,1.0,5.0,720,0.034298,0.124466,1.17434
328,9,4,residential,0.0,Res_496355,1.0,5.0,720,0.242013,2.22553,7.293638
329,9,5,residential,0.0,Res_251802,1.0,5.0,720,0.23043,2.438612,9.651761
330,9,6,residential,0.0,Res_230015,1.0,5.0,720,0.034298,0.124466,1.17434
331,9,7,residential,0.0,Res_85333,1.0,5.0,720,0.445498,1.920442,13.47153
332,9,8,residential,0.0,Res_230015,1.0,5.0,720,0.034298,0.124466,1.17434
333,9,9,residential,0.0,Res_230015,1.0,5.0,720,0.034298,0.124466,1.17434
334,9,10,residential,0.0,Res_230015,1.0,5.0,720,0.034298,0.124466,1.17434
335,9,11,residential,0.0,Res_501523,1.0,5.0,720,0.035789,0.233378,0.386502
336,9,12,residential,0.0,Res_230015,1.0,5.0,720,0.034298,0.124466,1.17434
337,9,13,residential,0.0,Res_15985,1.0,5.0,720,0.037933,0.251899,1.441882
338,9,14,residential,0.0,Res_549948,1.0,5.0,720,0.036789,0.161478,0.831269
339,9,15,residential,0.0,Res_410302,1.0,5.0,720,0.035789,0.378645,3.697621
340,9,16,residential,0.0,Res_410302,1.0,5.0,720,0.035789,0.378645,3.697621
341,9,17,residential,0.0,Res_230015,1.0,5.0,720,0.034298,0.124466,1.17434
342,9,18,residential,0.0,Res_410302,1.0,5.0,720,0.035789,0.378645,3.697621
343,9,19,residential,0.0,Res_477867,1.0,5.0,720,0.035789,0.232144,0.735076
344,9,20,residential,0.0,Res_108277,1.0,5.0,720,0.132422,1.153519,6.053659
345,9,21,residential,0.0,Res_260901,1.0,5.0,720,0.031611,0.244331,1.079783
346,9,22,residential,0.0,Res_42776,1.0,5.0,720,0.1082,1.042982,3.872743
347,9,23,residential,0.0,Res_260901,1.0,5.0,720,0.031611,0.244331,1.079783
348,9,24,residential,0.0,Res_208558,1.0,5.0,720,0.035789,0.212887,0.380567
349,9,25,residential,0.0,Res_245830,1.0,5.0,720,0.035789,0.22563,0.379913
350,9,26,residential,0.0,Res_118981,1.0,5.0,720,0.035789,0.234675,1.07825
351,9,27,residential,0.0,Res_471290,1.0,5.0,720,0.038683,0.210781,3.199924
352,9,28,residential,0.0,Res_157594,1.0,5.0,720,0.037933,0.13508,1.049074
353,9,29,residential,0.0,Res_182242,1.0,5.0,720,0.20518,1.250503,6.832881
354,9,30,residential,0.0,Res_230015,1.0,5.0,720,0.034298,0.124466,1.17434
355,9,31,residential,0.0,Res_547904,1.0,5.0,720,0.035048,0.207958,0.967945
356,9,32,residential,0.0,Res_260901,1.0,5.0,720,0.031611,0.244331,1.079783
357,9,33,residential,0.0,Res_547904,1.0,5.0,720,0.035048,0.207958,0.967945
358,9,34,residential,0.0,Res_182242,1.0,5.0,720,0.20518,1.250503,6.832881
359,9,35,residential,0.0,Res_182242,1.0,5.0,720,0.20518,1.250503,6.832881
360,10,0,residential,0.0,Res_182242,1.0,5.0,720,0.20518,1.250503,6.832881
361,10,1,residential,0.0,Res_15985,1.0,5.0,720,0.037933,0.251899,1.441882
362,10,2,residential,0.0,Res_410302,1.0,5.0,720,0.035789,0.378645,3.697621
363,10,3,residential,0.0,Res_115112,1.0,5.0,720,0.161842,0.767349,7.70198
364,10,4,residential,0.0,Res_85333,1.0,5.0,720,0.445498,1.920442,13.47153
365,10,5,residential,0.0,Res_496355,1.0,5.0,720,0.242013,2.22553,7.293638
366,10,6,residential,0.0,Res_187383,1.0,5.0,720,0.034298,0.09507,0.725573
367,10,7,residential,0.0,Res_485980,1.0,5.0,720,0.170262,0.659982,2.4129
368,10,8,residential,0.0,Res_230015,1.0,5.0,720,0.034298,0.124466,1.17434
369,10,9,residential,0.0,Res_230015,1.0,5.0,720,0.034298,0.124466,1.17434
370,10,10,residential,0.0,Res_230015,1.0,5.0,720,0.034298,0.124466,1.17434
371,10,11,residential,0.0,Res_230015,1.0,5.0,720,0.034298,0.124466,1.17434
372,10,12,residential,0.0,Res_230015,1.0,5.0,720,0.034298,0.124466,1.17434
373,10,13,residential,0.0,Res_230015,1.0,5.0,720,0.034298,0.124466,1.17434
374,10,14,residential,0.0,Res_230015,1.0,5.0,720,0.034298,0.124466,1.17434
375,10,15,residential,0.0,Res_549948,1.0,5.0,720,0.036789,0.161478,0.831269
376,10,16,residential,0.0,Res_549948,1.0,5.0,720,0.036789,0.161478,0.831269
377,10,17,residential,0.0,Res_230015,1.0,5.0,720,0.034298,0.124466,1.17434
378,10,18,residential,0.0,Res_108418,1.0,5.0,720,0.1728,0.926858,4.928296
379,10,19,residential,0.0,Res_485980,1.0,5.0,720,0.170262,0.659982,2.4129
380,10,20,residential,0.0,Res_85333,1.0,5.0,720,0.445498,1.920442,13.47153
381,10,21,residential,0.0,Res_26523,1.0,5.0,720,0.035048,0.176417,1.081797
382,10,22,residential,0.0,Res_16777,1.0,5.0,720,0.034298,0.231555,0.382347
383,10,23,residential,0.0,Res_268674,1.0,5.0,720,0.032361,0.13225,0.375929
384,10,24,residential,0.0,Res_50946,1.0,5.0,720,0.035048,0.211966,8.294232
385,10,25,residential,0.0,Res_208558,1.0,5.0,720,0.035789,0.212887,0.380567
386,10,26,residential,0.0,Res_309813,1.0,5.0,720,0.034298,0.106326,0.705398
387,10,27,residential,0.0,Res_268674,1.0,5.0,720,0.032361,0.13225,0.375929
388,10,28,residential,0.0,Res_353580,1.0,5.0,720,0.036038,0.217429,0.380413
389,10,29,residential,0.0,Res_459495,1.0,5.0,720,0.034298,0.240858,2.114878
390,10,30,residential,0.0,Res_85333,1.0,5.0,720,0.445498,1.920442,13.47153
391,10,31,residential,0.0,Res_214280,1.0,5.0,720,0.035789,0.259703,1.020828
392,10,32,residential,0.0,Res_250612,1.0,5.0,720,0.254335,1.369516,8.714841
393,10,33,residential,0.0,Res_547904,1.0,5.0,720,0.035048,0.207958,0.967945
394,10,34,residential,0.0,Res_547904,1.0,5.0,720,0.035048,0.207958,0.967945
395,10,35,residential,0.0,Res_155037,1.0,5.0,720,0.141726,0.50867,5.531534
396,11,0,residential,0.0,Res_251238,1.0,5.0,720,0.035789,0.402109,4.169606
397,11,1,residential,0.0,Res_549948,1.0,5.0,720,0.036789,0.161478,0.831269
398,11,2,residential,0.0,Res_410302,1.0,5.0,720,0.035789,0.378645,3.697621
399,11,3,residential,0.0,Res_410302,1.0,5.0,720,0.035789,0.378645,3.697621
400,11,4,residential,0.0,Res_137417,1.0,5.0,720,0.432774,5.196683,12.868323
401,11,5,residential,0.0,Res_85333,1.0,5.0,720,0.445498,1.920442,13.47153
402,11,6,residential,0.0,Res_230015,1.0,5.0,720,0.034298,0.124466,1.17434
403,11,7,residential,0.0,Res_410302,1.0,5.0,720,0.035789,0.378645,3.697621
404,11,8,residential,0.0,Res_410302,1.0,5.0,720,0.035789,0.378645,3.697621
405,11,9,residential,0.0,Res_85333,1.0,5.0,720,0.445498,1.920442,13.47153
406,11,10,residential,0.0,Res_501523,1.0,5.0,720,0.035789,0.233378,0.386502
407,11,11,residential,0.0,Res_251802,1.0,5.0,720,0.23043,2.438612,9.651761
408,11,12,residential,0.0,Res_85333,1.0,5.0,720,0.445498,1.920442,13.47153
409,11,13,residential,0.0,Res_410302,1.0,5.0,720,0.035789,0.378645,3.697621
410,11,14,residential,0.0,Res_410302,1.0,5.0,720,0.035789,0.378645,3.697621
411,11,15,residential,0.0,Res_230015,1.0,5.0,720,0.034298,0.124466,1.17434
412,11,16,residential,0.0,Res_85333,1.0,5.0,720,0.445498,1.920442,13.47153
413,11,17,residential,0.0,Res_495120,1.0,5.0,720,0.036789,0.163629,0.874025
414,11,18,residential,0.0,Res_230015,1.0,5.0,720,0.034298,0.124466,1.17434
415,11,19,residential,0.0,Res_230015,1.0,5.0,720,0.034298,0.124466,1.17434
416,11,20,residential,0.0,Res_187383,1.0,5.0,720,0.034298,0.09507,0.725573
417,11,21,residential,0.0,Res_318055,1.0,5.0,720,0.037933,0.085628,0.302339
418,11,22,residential,0.0,Res_471290,1.0,5.0,720,0.038683,0.210781,3.199924
419,11,23,residential,0.0,Res_471290,1.0,5.0,720,0.038683,0.210781,3.199924
420,11,24,residential,0.0,Res_309813,1.0,5.0,720,0.034298,0.106326,0.705398
421,11,25,residential,0.0,Res_471290,1.0,5.0,720,0.038683,0.210781,3.199924
422,11,26,residential,0.0,Res_468097,1.0,5.0,720,0.327086,1.108329,4.605244
423,11,27,residential,0.0,Res_268674,1.0,5.0,720,0.032361,0.13225,0.375929
424,11,28,residential,0.0,Res_369114,1.0,5.0,720,0.392071,3.136573,20.858476
425,11,29,residential,0.0,Res_95956,1.0,5.0,720,0.206012,3.04712,6.087695
426,11,30,residential,0.0,Res_494220,1.0,5.0,720,0.237774,1.865911,13.977485
427,11,31,residential,0.0,Res_245300,1.0,5.0,720,0.034298,0.221534,0.38237
428,11,32,residential,0.0,Res_105961,1.0,5.0,720,0.14182,1.653943,6.486399
429,11,33,residential,0.0,Res_485263,1.0,5.0,720,0.130668,0.909229,8.127046
430,11,34,residential,0.0,Res_218306,1.0,5.0,720,0.034298,0.218342,0.380999
431,11,35,residential,0.0,Res_101193,1.0,5.0,720,0.240915,1.130487,6.616498
432,12,0,residential,0.0,Res_477867,1.0,5.0,720,0.035789,0.232144,0.735076
433,12,1,residential,0.0,Res_187383,1.0,5.0,720,0.034298,0.09507,0.725573
434,12,2,residential,0.0,Res_410302,1.0,5.0,720,0.035789,0.378645,3.697621
435,12,3,residential,0.0,Res_501523,1.0,5.0,720,0.035789,0.233378,0.386502
436,12,4,residential,0.0,Res_410302,1.0,5.0,720,0.035789,0.378645,3.697621
437,12,5,residential,0.0,Res_496355,1.0,5.0,720,0.242013,2.22553,7.293638
438,12,6,residential,0.0,Res_410302,1.0,5.0,720,0.035789,0.378645,3.697621
439,12,7,residential,0.0,Res_410302,1.0,5.0,720,0.035789,0.378645,3.697621
440,12,8,residential,0.0,Res_85333,1.0,5.0,720,0.445498,1.920442,13.47153
441,12,9,residential,0.0,Res_85333,1.0,5.0,720,0.445498,1.920442,13.47153
442,12,10,residential,0.0,Res_230015,1.0,5.0,720,0.034298,0.124466,1.17434
443,12,11,residential,0.0,Res_230015,1.0,5.0,720,0.034298,0.124466,1.17434
444,12,12,residential,0.0,Res_230015,1.0,5.0,720,0.034298,0.124466,1.17434
445,12,13,residential,0.0,Res_230015,1.0,5.0,720,0.034298,0.124466,1.17434
446,12,14,residential,0.0,Res_230015,1.0,5.0,720,0.034298,0.124466,1.17434
447,12,15,residential,0.0,Res_230015,1.0,5.0,720,0.034298,0.124466,1.17434
448,12,16,residential,0.0,Res_174763,1.0,5.0,720,0.283844,2.96277,9.40132
449,12,17,residential,0.0,Res_122127,1.0,5.0,720,0.034298,0.23623,0.391026
450,12,18,residential,0.0,Res_410302,1.0,5.0,720,0.035789,0.378645,3.697621
451,12,19,residential,0.0,Res_85333,1.0,5.0,720,0.445498,1.920442,13.47153
452,12,20,residential,0.0,Res_512275,1.0,5.0,720,0.188269,1.258171,4.815628
453,12,21,residential,0.0,Res_461838,1.0,5.0,720,0.172361,0.940794,5.588295
454,12,22,residential,0.0,Res_5649,1.0,5.0,720,0.063954,0.189017,0.646236
455,12,23,residential,0.0,Res_208558,1.0,5.0,720,0.035789,0.212887,0.380567
456,12,24,residential,0.0,Res_356703,1.0,5.0,720,0.032986,0.228771,0.706262
457,12,25,residential,0.0,Res_302848,1.0,5.0,720,0.241132,1.173226,10.06914
458,12,26,residential,0.0,Res_309813,1.0,5.0,720,0.034298,0.106326,0.705398
459,12,27,residential,0.0,Res_65538,1.0,5.0,720,0.140193,1.647088,8.928041
460,12,28,residential,0.0,Res_547904,1.0,5.0,720,0.035048,0.207958,0.967945
461,12,29,residential,0.0,Res_381254,1.0,5.0,720,0.268351,1.453267,6.671404
462,12,30,residential,0.0,Res_547904,1.0,5.0,720,0.035048,0.207958,0.967945
463,12,31,residential,0.0,Res_494220,1.0,5.0,720,0.237774,1.865911,13.977485
464,12,32,residential,0.0,Res_144118,1.0,5.0,720,0.144999,1.006965,5.139812
465,12,33,residential,0.0,Res_494220,1.0,5.0,720,0.237774,1.865911,13.977485
466,12,34,residential,0.0,Res_499888,1.0,5.0,720,0.071386,0.157605,1.408703
467,12,35,residential,0.0,Res_494220,1.0,5.0,720,0.237774,1.865911,13.977485
468,13,0,residential,0.0,Res_455494,1.0,5.0,720,0.237056,1.89623,6.69992
469,13,1,residential,0.0,Res_410302,1.0,5.0,720,0.035789,0.378645,3.697621
470,13,2,residential,0.0,Res_410302,1.0,5.0,720,0.035789,0.378645,3.697621
471,13,3,residential,0.0,Res_410302,1.0,5.0,720,0.035789,0.378645,3.697621
472,13,4,residential,0.0,Res_410302,1.0,5.0,720,0.035789,0.378645,3.697621
473,13,5,residential,0.0,Res_410302,1.0,5.0,720,0.035789,0.378645,3.697621
474,13,6,residential,0.0,Res_410302,1.0,5.0,720,0.035789,0.378645,3.697621
475,13,7,residential,0.0,Res_187383,1.0,5.0,720,0.034298,0.09507,0.725573
476,13,8,residential,0.0,Res_230015,1.0,5.0,720,0.034298,0.124466,1.17434
477,13,9,residential,0.0,Res_230015,1.0,5.0,720,0.034298,0.124466,1.17434
478,13,10,residential,0.0,Res_410302,1.0,5.0,720,0.035789,0.378645,3.697621
479,13,11,residential,0.0,Res_502196,1.0,5.0,720,0.034298,0.271927,1.656553
480,13,12,residential,0.0,Res_547904,1.0,5.0,720,0.035048,0.207958,0.967945
481,13,13,residential,0.0,Res_108418,1.0,5.0,720,0.1728,0.926858,4.928296
482,13,14,residential,0.0,Res_410302,1.0,5.0,720,0.035789,0.378645,3.697621
483,13,15,residential,0.0,Res_108418,1.0,5.0,720,0.1728,0.926858,4.928296
484,13,16,residential,0.0,Res_188180,1.0,5.0,720,0.036789,0.18632,1.157132
485,13,17,residential,0.0,Res_188180,1.0,5.0,720,0.036789,0.18632,1.157132
486,13,18,residential,0.0,Res_502196,1.0,5.0,720,0.034298,0.271927,1.656553
487,13,19,residential,0.0,Res_188180,1.0,5.0,720,0.036789,0.18632,1.157132
488,13,20,residential,0.0,Res_494220,1.0,5.0,720,0.237774,1.865911,13.977485
489,13,21,residential,0.0,Res_309813,1.0,5.0,720,0.034298,0.106326,0.705398
490,13,22,residential,0.0,Res_449646,1.0,5.0,720,0.035789,0.265539,1.154668
491,13,23,residential,0.0,Res_309813,1.0,5.0,720,0.034298,0.106326,0.705398
492,13,24,residential,0.0,Res_449646,1.0,5.0,720,0.035789,0.265539,1.154668
493,13,25,residential,0.0,Res_118981,1.0,5.0,720,0.035789,0.234675,1.07825
494,13,26,residential,0.0,Res_495690,1.0,5.0,720,0.28489,1.371364,8.409131
495,13,27,residential,0.0,Res_182242,1.0,5.0,720,0.20518,1.250503,6.832881
496,13,28,residential,0.0,Res_188180,1.0,5.0,720,0.036789,0.18632,1.157132
497,13,29,residential,0.0,Res_547904,1.0,5.0,720,0.035048,0.207958,0.967945
498,13,30,residential,0.0,Res_137417,1.0,5.0,720,0.432774,5.196683,12.868323
499,13,31,residential,0.0,Res_124041,1.0,5.0,720,0.23608,1.00641,4.901283
500,13,32,residential,0.0,Res_85333,1.0,5.0,720,0.445498,1.920442,13.47153
501,13,33,residential,0.0,Res_547904,1.0,5.0,720,0.035048,0.207958,0.967945
502,13,34,residential,0.0,Res_499888,1.0,5.0,720,0.071386,0.157605,1.408703
503,13,35,residential,0.0,Res_520632,1.0,5.0,720,0.039583,0.208395,0.470482
504,14,0,residential,0.0,Res_547904,1.0,5.0,720,0.035048,0.207958,0.967945
505,14,1,residential,0.0,Res_499210,1.0,5.0,720,0.246626,4.118168,16.265282
506,14,2,residential,0.0,Res_187383,1.0,5.0,720,0.034298,0.09507,0.725573
507,14,3,residential,0.0,Res_496355,1.0,5.0,720,0.242013,2.22553,7.293638
508,14,4,residential,0.0,Res_369114,1.0,5.0,720,0.392071,3.136573,20.858476
509,14,5,residential,0.0,Res_485263,1.0,5.0,720,0.130668,0.909229,8.127046
510,14,6,residential,0.0,Res_85333,1.0,5.0,720,0.445498,1.920442,13.47153
511,14,7,residential,0.0,Res_302848,1.0,5.0,720,0.241132,1.173226,10.06914
512,14,8,residential,0.0,Res_37262,1.0,5.0,720,0.035789,0.321087,1.97337
513,14,9,residential,0.0,Res_547904,1.0,5.0,720,0.035048,0.207958,0.967945
514,14,10,residential,0.0,Res_528570,1.0,5.0,720,0.283728,3.498859,13.72126
515,14,11,residential,0.0,Res_499888,1.0,5.0,720,0.071386,0.157605,1.408703
516,14,12,residential,0.0,Res_410302,1.0,5.0,720,0.035789,0.378645,3.697621
517,14,13,residential,0.0,Res_250461,1.0,5.0,720,0.035789,0.235551,0.517871
518,14,14,residential,0.0,Res_188180,1.0,5.0,720,0.036789,0.18632,1.157132
519,14,15,residential,0.0,Res_494220,1.0,5.0,720,0.237774,1.865911,13.977485
520,14,16,residential,0.0,Res_188180,1.0,5.0,720,0.036789,0.18632,1.157132
521,14,17,residential,0.0,Res_494220,1.0,5.0,720,0.237774,1.865911,13.977485
522,14,18,residential,0.0,Res_494220,1.0,5.0,720,0.237774,1.865911,13.977485
523,14,19,residential,0.0,Res_37262,1.0,5.0,720,0.035789,0.321087,1.97337
524,14,20,residential,0.0,Res_494220,1.0,5.0,720,0.237774,1.865911,13.977485
525,14,21,residential,0.0,Res_37262,1.0,5.0,720,0.035789,0.321087,1.97337
526,14,22,residential,0.0,Res_5649,1.0,5.0,720,0.063954,0.189017,0.646236
527,14,23,residential,0.0,Res_369114,1.0,5.0,720,0.392071,3.136573,20.858476
528,14,24,residential,0.0,Res_346138,1.0,5.0,720,0.072249,0.290454,1.545482
529,14,25,residential,0.0,Res_59875,1.0,5.0,720,0.519193,2.184073,11.607368
530,14,26,residential,0.0,Res_547904,1.0,5.0,720,0.035048,0.207958,0.967945
531,14,27,residential,0.0,Res_381254,1.0,5.0,720,0.268351,1.453267,6.671404
532,14,28,residential,0.0,Res_459495,1.0,5.0,720,0.034298,0.240858,2.114878
533,14,29,residential,0.0,Res_251238,1.0,5.0,720,0.035789,0.402109,4.169606
534,14,30,residential,0.0,Res_501523,1.0,5.0,720,0.035789,0.233378,0.386502
535,14,31,residential,0.0,Res_547904,1.0,5.0,720,0.035048,0.207958,0.967945
536,14,32,residential,0.0,Res_455494,1.0,5.0,720,0.237056,1.89623,6.69992
537,14,33,residential,0.0,Res_230015,1.0,5.0,720,0.034298,0.124466,1.17434
538,14,34,residential,0.0,Res_166565,1.0,5.0,720,0.736392,3.898932,11.130896
539,14,35,residential,0.0,Res_251238,1.0,5.0,720,0.035789,0.402109,4.169606
540,15,0,residential,0.0,Res_461838,1.0,5.0,720,0.172361,0.940794,5.588295
541,15,1,residential,0.0,Res_520632,1.0,5.0,720,0.039583,0.208395,0.470482
542,15,2,residential,0.0,Res_85333,1.0,5.0,720,0.445498,1.920442,13.47153
543,15,3,residential,0.0,Res_520632,1.0,5.0,720,0.039583,0.208395,0.470482
544,15,4,residential,0.0,Res_547904,1.0,5.0,720,0.035048,0.207958,0.967945
545,15,5,residential,0.0,Res_547904,1.0,5.0,720,0.035048,0.207958,0.967945
546,15,6,residential,0.0,Res_101193,1.0,5.0,720,0.240915,1.130487,6.616498
547,15,7,residential,0.0,Res_547904,1.0,5.0,720,0.035048,0.207958,0.967945
548,15,8,residential,0.0,Res_407616,1.0,5.0,720,0.139939,0.714861,5.054496
549,15,9,residential,0.0,Res_101193,1.0,5.0,720,0.240915,1.130487,6.616498
550,15,10,residential,0.0,Res_407616,1.0,5.0,720,0.139939,0.714861,5.054496
551,15,11,residential,0.0,Res_407616,1.0,5.0,720,0.139939,0.714861,5.054496
552,15,12,residential,0.0,Res_407616,1.0,5.0,720,0.139939,0.714861,5.054496
553,15,13,residential,0.0,Res_101193,1.0,5.0,720,0.240915,1.130487,6.616498
554,15,14,residential,0.0,Res_494220,1.0,5.0,720,0.237774,1.865911,13.977485
555,15,15,residential,0.0,Res_528570,1.0,5.0,720,0.283728,3.498859,13.72126
556,15,16,residential,0.0,Res_117035,1.0,5.0,720,0.031611,0.221017,0.377884
557,15,17,residential,0.0,Res_502196,1.0,5.0,720,0.034298,0.271927,1.656553
558,15,18,residential,0.0,Res_502196,1.0,5.0,720,0.034298,0.271927,1.656553
559,15,19,residential,0.0,Res_512275,1.0,5.0,720,0.188269,1.258171,4.815628
560,15,20,residential,0.0,Res_37262,1.0,5.0,720,0.035789,0.321087,1.97337
561,15,21,residential,0.0,Res_188180,1.0,5.0,720,0.036789,0.18632,1.157132
562,15,22,residential,0.0,Res_59875,1.0,5.0,720,0.519193,2.184073,11.607368
563,15,23,residential,0.0,Res_309813,1.0,5.0,720,0.034298,0.106326,0.705398
564,15,24,residential,0.0,Res_471290,1.0,5.0,720,0.038683,0.210781,3.199924
565,15,25,residential,0.0,Res_309813,1.0,5.0,720,0.034298,0.106326,0.705398
566,15,26,residential,0.0,Res_449646,1.0,5.0,720,0.035789,0.265539,1.154668
567,15,27,residential,0.0,Res_523231,1.0,5.0,720,0.032986,0.209177,0.382051
568,15,28,residential,0.0,Res_502196,1.0,5.0,720,0.034298,0.271927,1.656553
569,15,29,residential,0.0,Res_494220,1.0,5.0,720,0.237774,1.865911,13.977485
570,15,30,residential,0.0,Res_85333,1.0,5.0,720,0.445498,1.920442,13.47153
571,15,31,residential,0.0,Res_547904,1.0,5.0,720,0.035048,0.207958,0.967945
572,15,32,residential,0.0,Res_369114,1.0,5.0,720,0.392071,3.136573,20.858476
573,15,33,residential,0.0,Res_499888,1.0,5.0,720,0.071386,0.157605,1.408703
574,15,34,residential,0.0,Res_499888,1.0,5.0,720,0.071386,0.157605,1.408703
575,15,35,residential,0.0,Res_95956,1.0,5.0,720,0.206012,3.04712,6.087695
576,16,0,residential,0.0,Res_144118,1.0,5.0,720,0.144999,1.006965,5.139812
577,16,1,residential,0.0,Res_264699,1.0,5.0,720,0.035048,0.158604,0.70757
578,16,2,residential,0.0,Res_547904,1.0,5.0,720,0.035048,0.207958,0.967945
579,16,3,residential,0.0,Res_264699,1.0,5.0,720,0.035048,0.158604,0.70757
580,16,4,residential,0.0,Res_264699,1.0,5.0,720,0.035048,0.158604,0.70757
581,16,5,residential,0.0,Res_547904,1.0,5.0,720,0.035048,0.207958,0.967945
582,16,6,residential,0.0,Res_101193,1.0,5.0,720,0.240915,1.130487,6.616498
583,16,7,residential,0.0,Res_547904,1.0,5.0,720,0.035048,0.207958,0.967945
584,16,8,residential,0.0,Res_101193,1.0,5.0,720,0.240915,1.130487,6.616498
585,16,9,residential,0.0,Res_547904,1.0,5.0,720,0.035048,0.207958,0.967945
586,16,10,residential,0.0,Res_144118,1.0,5.0,720,0.144999,1.006965,5.139812
587,16,11,residential,0.0,Res_407616,1.0,5.0,720,0.139939,0.714861,5.054496
588,16,12,residential,0.0,Res_407616,1.0,5.0,720,0.139939,0.714861,5.054496
589,16,13,residential,0.0,Res_407616,1.0,5.0,720,0.139939,0.714861,5.054496
590,16,14,residential,0.0,Res_188180,1.0,5.0,720,0.036789,0.18632,1.157132
591,16,15,residential,0.0,Res_494220,1.0,5.0,720,0.237774,1.865911,13.977485
592,16,16,residential,0.0,Res_494220,1.0,5.0,720,0.237774,1.865911,13.977485
593,16,17,residential,0.0,Res_42978,1.0,5.0,720,0.309606,1.17999,8.355094
594,16,18,residential,0.0,Res_502196,1.0,5.0,720,0.034298,0.271927,1.656553
595,16,19,residential,0.0,Res_37262,1.0,5.0,720,0.035789,0.321087,1.97337
596,16,20,residential,0.0,Res_112684,1.0,5.0,720,0.035048,0.225885,2.880728
597,16,21,residential,0.0,Res_382529,1.0,5.0,720,0.035789,0.255002,1.278521
598,16,22,residential,0.0,Res_30412,1.0,5.0,720,0.035789,0.109417,0.805457
599,16,23,residential,0.0,Res_471290,1.0,5.0,720,0.038683,0.210781,3.199924
600,16,24,residential,0.0,Res_302848,1.0,5.0,720,0.241132,1.173226,10.06914
601,16,25,residential,0.0,Res_302848,1.0,5.0,720,0.241132,1.173226,10.06914
602,16,26,residential,0.0,Res_471290,1.0,5.0,720,0.038683,0.210781,3.199924
603,16,27,residential,0.0,Res_471290,1.0,5.0,720,0.038683,0.210781,3.199924
604,16,28,residential,0.0,Res_268674,1.0,5.0,720,0.032361,0.13225,0.375929
605,16,29,residential,0.0,Res_407616,1.0,5.0,720,0.139939,0.714861,5.054496
606,16,30,residential,0.0,Res_512275,1.0,5.0,720,0.188269,1.258171,4.815628
607,16,31,residential,0.0,Res_501523,1.0,5.0,720,0.035789,0.233378,0.386502
608,16,32,residential,0.0,Res_85333,1.0,5.0,720,0.445498,1.920442,13.47153
609,16,33,residential,0.0,Res_183012,1.0,5.0,720,0.035789,0.244509,1.958804
610,16,34,residential,0.0,Res_97808,1.0,5.0,720,0.034298,0.081595,0.305746
611,16,35,residential,0.0,Res_410302,1.0,5.0,720,0.035789,0.378645,3.697621
612,17,0,residential,0.0,Res_547904,1.0,5.0,720,0.035048,0.207958,0.967945
613,17,1,residential,0.0,Res_105961,1.0,5.0,720,0.14182,1.653943,6.486399
614,17,2,residential,0.0,Res_165964,1.0,5.0,720,0.207148,1.584755,7.617993
615,17,3,residential,0.0,Res_547904,1.0,5.0,720,0.035048,0.207958,0.967945
616,17,4,residential,0.0,Res_547904,1.0,5.0,720,0.035048,0.207958,0.967945
617,17,5,residential,0.0,Res_547904,1.0,5.0,720,0.035048,0.207958,0.967945
618,17,6,residential,0.0,Res_547904,1.0,5.0,720,0.035048,0.207958,0.967945
619,17,7,residential,0.0,Res_264699,1.0,5.0,720,0.035048,0.158604,0.70757
620,17,8,residential,0.0,Res_407616,1.0,5.0,720,0.139939,0.714861,5.054496
621,17,9,residential,0.0,Res_264699,1.0,5.0,720,0.035048,0.158604,0.70757
622,17,10,residential,0.0,Res_101193,1.0,5.0,720,0.240915,1.130487,6.616498
623,17,11,residential,0.0,Res_144118,1.0,5.0,720,0.144999,1.006965,5.139812
624,17,12,residential,0.0,Res_264699,1.0,5.0,720,0.035048,0.158604,0.70757
625,17,13,residential,0.0,Res_101193,1.0,5.0,720,0.240915,1.130487,6.616498
626,17,14,residential,0.0,Res_144118,1.0,5.0,720,0.144999,1.006965,5.139812
627,17,15,residential,0.0,Res_101193,1.0,5.0,720,0.240915,1.130487,6.616498
628,17,16,residential,0.0,Res_407616,1.0,5.0,720,0.139939,0.714861,5.054496
629,17,17,residential,0.0,Res_188180,1.0,5.0,720,0.036789,0.18632,1.157132
630,17,18,residential,0.0,Res_188180,1.0,5.0,720,0.036789,0.18632,1.157132
631,17,19,residential,0.0,Res_37262,1.0,5.0,720,0.035789,0.321087,1.97337
632,17,20,residential,0.0,Res_188180,1.0,5.0,720,0.036789,0.18632,1.157132
633,17,21,residential,0.0,Res_468097,1.0,5.0,720,0.327086,1.108329,4.605244
634,17,22,residential,0.0,Res_39953,1.0,5.0,720,0.105009,0.514717,3.938502
635,17,23,residential,0.0,Res_59875,1.0,5.0,720,0.519193,2.184073,11.607368
636,17,24,residential,0.0,Res_449646,1.0,5.0,720,0.035789,0.265539,1.154668
637,17,25,residential,0.0,Res_65683,1.0,5.0,720,0.166582,0.84782,6.183016
638,17,26,residential,0.0,Res_302848,1.0,5.0,720,0.241132,1.173226,10.06914
639,17,27,residential,0.0,Res_302848,1.0,5.0,720,0.241132,1.173226,10.06914
640,17,28,residential,0.0,Res_468097,1.0,5.0,720,0.327086,1.108329,4.605244
641,17,29,residential,0.0,Res_218306,1.0,5.0,720,0.034298,0.218342,0.380999
642,17,30,residential,0.0,Res_251238,1.0,5.0,720,0.035789,0.402109,4.169606
643,17,31,residential,0.0,Res_408262,1.0,5.0,720,0.170535,0.735729,6.412651
644,17,32,residential,0.0,Res_182242,1.0,5.0,720,0.20518,1.250503,6.832881
645,17,33,residential,0.0,Res_188180,1.0,5.0,720,0.036789,0.18632,1.157132
646,17,34,residential,0.0,Res_182242,1.0,5.0,720,0.20518,1.250503,6.832881
647,17,35,residential,0.0,Res_85333,1.0,5.0,720,0.445498,1.920442,13.47153
648,18,0,residential,0.0,Res_101193,1.0,5.0,720,0.240915,1.130487,6.616498
649,18,1,residential,0.0,Res_547904,1.0,5.0,720,0.035048,0.207958,0.967945
650,18,2,residential,0.0,Res_547904,1.0,5.0,720,0.035048,0.207958,0.967945
651,18,3,residential,0.0,Res_547904,1.0,5.0,720,0.035048,0.207958,0.967945
652,18,4,residential,0.0,Res_547904,1.0,5.0,720,0.035048,0.207958,0.967945
653,18,5,residential,0.0,Res_547904,1.0,5.0,720,0.035048,0.207958,0.967945
654,18,6,residential,0.0,Res_547904,1.0,5.0,720,0.035048,0.207958,0.967945
655,18,7,residential,0.0,Res_547904,1.0,5.0,720,0.035048,0.207958,0.967945
656,18,8,residential,0.0,Res_547904,1.0,5.0,720,0.035048,0.207958,0.967945
657,18,9,residential,0.0,Res_547904,1.0,5.0,720,0.035048,0.207958,0.967945
658,18,10,residential,0.0,Res_407616,1.0,5.0,720,0.139939,0.714861,5.054496
659,18,11,residential,0.0,Res_547904,1.0,5.0,720,0.035048,0.207958,0.967945
660,18,12,residential,0.0,Res_105961,1.0,5.0,720,0.14182,1.653943,6.486399
661,18,13,residential,0.0,Res_547904,1.0,5.0,720,0.035048,0.207958,0.967945
662,18,14,residential,0.0,Res_547904,1.0,5.0,720,0.035048,0.207958,0.967945
663,18,15,residential,0.0,Res_547904,1.0,5.0,720,0.035048,0.207958,0.967945
664,18,16,residential,0.0,Res_105961,1.0,5.0,720,0.14182,1.653943,6.486399
665,18,17,residential,0.0,Res_188180,1.0,5.0,720,0.036789,0.18632,1.157132
666,18,18,residential,0.0,Res_494220,1.0,5.0,720,0.237774,1.865911,13.977485
667,18,19,residential,0.0,Res_494220,1.0,5.0,720,0.237774,1.865911,13.977485
668,18,20,residential,0.0,Res_188180,1.0,5.0,720,0.036789,0.18632,1.157132
669,18,21,residential,0.0,Res_468097,1.0,5.0,720,0.327086,1.108329,4.605244
670,18,22,residential,0.0,Res_449646,1.0,5.0,720,0.035789,0.265539,1.154668
671,18,23,residential,0.0,Res_30412,1.0,5.0,720,0.035789,0.109417,0.805457
672,18,24,residential,0.0,Res_382529,1.0,5.0,720,0.035789,0.255002,1.278521
673,18,25,residential,0.0,Res_471290,1.0,5.0,720,0.038683,0.210781,3.199924
674,18,26,residential,0.0,Res_302848,1.0,5.0,720,0.241132,1.173226,10.06914
675,18,27,residential,0.0,Res_302848,1.0,5.0,720,0.241132,1.173226,10.06914
676,18,28,residential,0.0,Res_39953,1.0,5.0,720,0.105009,0.514717,3.938502
677,18,29,residential,0.0,Res_264699,1.0,5.0,720,0.035048,0.158604,0.70757
678,18,30,residential,0.0,Res_499210,1.0,5.0,720,0.246626,4.118168,16.265282
679,18,31,residential,0.0,Res_547904,1.0,5.0,720,0.035048,0.207958,0.967945
680,18,32,residential,0.0,Res_549948,1.0,5.0,720,0.036789,0.161478,0.831269
681,18,33,residential,0.0,Res_268794,1.0,5.0,720,0.034298,0.243303,0.782874
682,18,34,residential,0.0,Res_381254,1.0,5.0,720,0.268351,1.453267,6.671404
683,18,35,residential,0.0,Res_247808,1.0,5.0,720,0.179516,0.906854,8.089196
684,19,0,residential,0.0,Res_230015,1.0,5.0,720,0.034298,0.124466,1.17434
685,19,1,residential,0.0,Res_547904,1.0,5.0,720,0.035048,0.207958,0.967945
686,19,2,residential,0.0,Res_547904,1.0,5.0,720,0.035048,0.207958,0.967945
687,19,3,residential,0.0,Res_547904,1.0,5.0,720,0.035048,0.207958,0.967945
688,19,4,residential,0.0,Res_547904,1.0,5.0,720,0.035048,0.207958,0.967945
689,19,5,residential,0.0,Res_547904,1.0,5.0,720,0.035048,0.207958,0.967945
690,19,6,residential,0.0,Res_547904,1.0,5.0,720,0.035048,0.207958,0.967945
691,19,7,residential,0.0,Res_20391,1.0,5.0,720,0.071386,0.631042,4.523746
692,19,8,residential,0.0,Res_547904,1.0,5.0,720,0.035048,0.207958,0.967945
693,19,9,residential,0.0,Res_547904,1.0,5.0,720,0.035048,0.207958,0.967945
694,19,10,residential,0.0,Res_547904,1.0,5.0,720,0.035048,0.207958,0.967945
695,19,11,residential,0.0,Res_105961,1.0,5.0,720,0.14182,1.653943,6.486399
696,19,12,residential,0.0,Res_547904,1.0,5.0,720,0.035048,0.207958,0.967945
697,19,13,residential,0.0,Res_547904,1.0,5.0,720,0.035048,0.207958,0.967945
698,19,14,residential,0.0,Res_547904,1.0,5.0,720,0.035048,0.207958,0.967945
699,19,15,residential,0.0,Res_264699,1.0,5.0,720,0.035048,0.158604,0.70757
700,19,16,residential,0.0,Res_459495,1.0,5.0,720,0.034298,0.240858,2.114878
701,19,17,residential,0.0,Res_494220,1.0,5.0,720,0.237774,1.865911,13.977485
702,19,18,residential,0.0,Res_494220,1.0,5.0,720,0.237774,1.865911,13.977485
703,19,19,residential,0.0,Res_37262,1.0,5.0,720,0.035789,0.321087,1.97337
704,19,20,residential,0.0,Res_467996,1.0,5.0,720,0.032986,0.22739,0.382393
705,19,21,residential,0.0,Res_471290,1.0,5.0,720,0.038683,0.210781,3.199924
706,19,22,residential,0.0,Res_468097,1.0,5.0,720,0.327086,1.108329,4.605244
707,19,23,residential,0.0,Res_468097,1.0,5.0,720,0.327086,1.108329,4.605244
708,19,24,residential,0.0,Res_382529,1.0,5.0,720,0.035789,0.255002,1.278521
709,19,25,residential,0.0,Res_302848,1.0,5.0,720,0.241132,1.173226,10.06914
710,19,26,residential,0.0,Res_302848,1.0,5.0,720,0.241132,1.173226,10.06914
711,19,27,residential,0.0,Res_302848,1.0,5.0,720,0.241132,1.173226,10.06914
712,19,28,residential,0.0,Res_309813,1.0,5.0,720,0.034298,0.106326,0.705398
713,19,29,residential,0.0,Res_467996,1.0,5.0,720,0.032986,0.22739,0.382393
714,19,30,residential,0.0,Res_410302,1.0,5.0,720,0.035789,0.378645,3.697621
715,19,31,residential,0.0,Res_494220,1.0,5.0,720,0.237774,1.865911,13.977485
716,19,32,residential,0.0,Res_410302,1.0,5.0,720,0.035789,0.378645,3.697621
717,19,33,residential,0.0,Res_547904,1.0,5.0,720,0.035048,0.207958,0.967945
718,19,34,residential,0.0,Res_230015,1.0,5.0,720,0.034298,0.124466,1.17434
719,19,35,residential,0.0,Res_410302,1.0,5.0,720,0.035789,0.378645,3.697621
720,20,0,residential,0.0,Res_549948,1.0,5.0,720,0.036789,0.161478,0.831269
721,20,1,residential,0.0,Res_407616,1.0,5.0,720,0.139939,0.714861,5.054496
722,20,2,residential,0.0,Res_547904,1.0,5.0,720,0.035048,0.207958,0.967945
723,20,3,residential,0.0,Res_547904,1.0,5.0,720,0.035048,0.207958,0.967945
724,20,4,residential,0.0,Res_547904,1.0,5.0,720,0.035048,0.207958,0.967945
725,20,5,residential,0.0,Res_547904,1.0,5.0,720,0.035048,0.207958,0.967945
726,20,6,residential,0.0,Res_547904,1.0,5.0,720,0.035048,0.207958,0.967945
727,20,7,residential,0.0,Res_499210,1.0,5.0,720,0.246626,4.118168,16.265282
728,20,8,residential,0.0,Res_547904,1.0,5.0,720,0.035048,0.207958,0.967945
729,20,9,residential,0.0,Res_547904,1.0,5.0,720,0.035048,0.207958,0.967945
730,20,10,residential,0.0,Res_101193,1.0,5.0,720,0.240915,1.130487,6.616498
731,20,11,residential,0.0,Res_547904,1.0,5.0,720,0.035048,0.207958,0.967945
732,20,12,residential,0.0,Res_264699,1.0,5.0,720,0.035048,0.158604,0.70757
733,20,13,residential,0.0,Res_547904,1.0,5.0,720,0.035048,0.207958,0.967945
734,20,14,residential,0.0,Res_547904,1.0,5.0,720,0.035048,0.207958,0.967945
735,20,15,residential,0.0,Res_264699,1.0,5.0,720,0.035048,0.158604,0.70757
736,20,16,residential,0.0,Res_494220,1.0,5.0,720,0.237774,1.865911,13.977485
737,20,17,residential,0.0,Res_494220,1.0,5.0,720,0.237774,1.865911,13.977485
738,20,18,residential,0.0,Res_495690,1.0,5.0,720,0.28489,1.371364,8.409131
739,20,19,residential,0.0,Res_188180,1.0,5.0,720,0.036789,0.18632,1.157132
740,20,20,residential,0.0,Res_188180,1.0,5.0,720,0.036789,0.18632,1.157132
741,20,21,residential,0.0,Res_468097,1.0,5.0,720,0.327086,1.108329,4.605244
742,20,22,residential,0.0,Res_449646,1.0,5.0,720,0.035789,0.265539,1.154668
743,20,23,residential,0.0,Res_302848,1.0,5.0,720,0.241132,1.173226,10.06914
744,20,24,residential,0.0,Res_471290,1.0,5.0,720,0.038683,0.210781,3.199924
745,20,25,residential,0.0,Res_5649,1.0,5.0,720,0.063954,0.189017,0.646236
746,20,26,residential,0.0,Res_160087,1.0,5.0,720,0.312192,2.15512,20.608721
747,20,27,residential,0.0,Res_60586,1.0,5.0,720,0.186098,0.938461,7.237257
748,20,28,residential,0.0,Res_295918,1.0,5.0,720,0.159615,1.589396,4.109079
749,20,29,residential,0.0,Res_494220,1.0,5.0,720,0.237774,1.865911,13.977485
750,20,30,residential,0.0,Res_499888,1.0,5.0,720,0.071386,0.157605,1.408703
751,20,31,residential,0.0,Res_410302,1.0,5.0,720,0.035789,0.378645,3.697621
752,20,32,residential,0.0,Res_101193,1.0,5.0,720,0.240915,1.130487,6.616498
753,20,33,residential,0.0,Res_101193,1.0,5.0,720,0.240915,1.130487,6.616498
754,20,34,residential,0.0,Res_230015,1.0,5.0,720,0.034298,0.124466,1.17434
755,20,35,residential,0.0,Res_494220,1.0,5.0,720,0.237774,1.865911,13.977485
756,21,0,residential,0.0,Res_95956,1.0,5.0,720,0.206012,3.04712,6.087695
757,21,1,residential,0.0,Res_547904,1.0,5.0,720,0.035048,0.207958,0.967945
758,21,2,residential,0.0,Res_547904,1.0,5.0,720,0.035048,0.207958,0.967945
759,21,3,residential,0.0,Res_547904,1.0,5.0,720,0.035048,0.207958,0.967945
760,21,4,residential,0.0,Res_547904,1.0,5.0,720,0.035048,0.207958,0.967945
761,21,5,residential,0.0,Res_547904,1.0,5.0,720,0.035048,0.207958,0.967945
762,21,6,residential,0.0,Res_547904,1.0,5.0,720,0.035048,0.207958,0.967945
763,21,7,residential,0.0,Res_547904,1.0,5.0,720,0.035048,0.207958,0.967945
764,21,8,residential,0.0,Res_547904,1.0,5.0,720,0.035048,0.207958,0.967945
765,21,9,residential,0.0,Res_547904,1.0,5.0,720,0.035048,0.207958,0.967945
766,21,10,residential,0.0,Res_547904,1.0,5.0,720,0.035048,0.207958,0.967945
767,21,11,residential,0.0,Res_101193,1.0,5.0,720,0.240915,1.130487,6.616498
768,21,12,residential,0.0,Res_547904,1.0,5.0,720,0.035048,0.207958,0.967945
769,21,13,residential,0.0,Res_547904,1.0,5.0,720,0.035048,0.207958,0.967945
770,21,14,residential,0.0,Res_499210,1.0,5.0,720,0.246626,4.118168,16.265282
771,21,15,residential,0.0,Res_264699,1.0,5.0,720,0.035048,0.158604,0.70757
772,21,16,residential,0.0,Res_538228,1.0,5.0,720,0.291743,2.170961,14.240562
773,21,17,residential,0.0,Res_494220,1.0,5.0,720,0.237774,1.865911,13.977485
774,21,18,residential,0.0,Res_117035,1.0,5.0,720,0.031611,0.221017,0.377884
775,21,19,residential,0.0,Res_494220,1.0,5.0,720,0.237774,1.865911,13.977485
776,21,20,residential,0.0,Res_188180,1.0,5.0,720,0.036789,0.18632,1.157132
777,21,21,residential,0.0,Res_309813,1.0,5.0,720,0.034298,0.106326,0.705398
778,21,22,residential,0.0,Res_24077,1.0,5.0,720,0.138275,1.787687,8.183413
779,21,23,residential,0.0,Res_494220,1.0,5.0,720,0.237774,1.865911,13.977485
780,21,24,residential,0.0,Res_494220,1.0,5.0,720,0.237774,1.865911,13.977485
781,21,25,residential,0.0,Res_268794,1.0,5.0,720,0.034298,0.243303,0.782874
782,21,26,residential,0.0,Res_501523,1.0,5.0,720,0.035789,0.233378,0.386502
783,21,27,residential,0.0,Res_95956,1.0,5.0,720,0.206012,3.04712,6.087695
784,21,28,residential,0.0,Res_37262,1.0,5.0,720,0.035789,0.321087,1.97337
785,21,29,residential,0.0,Res_188180,1.0,5.0,720,0.036789,0.18632,1.157132
786,21,30,residential,0.0,Res_547904,1.0,5.0,720,0.035048,0.207958,0.967945
787,21,31,residential,0.0,Res_369114,1.0,5.0,720,0.392071,3.136573,20.858476
788,21,32,residential,0.0,Res_494220,1.0,5.0,720,0.237774,1.865911,13.977485
789,21,33,residential,0.0,Res_408096,1.0,5.0,720,0.146174,0.569137,5.251488
790,21,34,residential,0.0,Res_251238,1.0,5.0,720,0.035789,0.402109,4.169606
791,21,35,residential,0.0,Res_95956,1.0,5.0,720,0.206012,3.04712,6.087695
792,22,0,residential,0.0,Res_547904,1.0,5.0,720,0.035048,0.207958,0.967945
793,22,1,residential,0.0,Res_547904,1.0,5.0,720,0.035048,0.207958,0.967945
794,22,2,residential,0.0,Res_547904,1.0,5.0,720,0.035048,0.207958,0.967945
795,22,3,residential,0.0,Res_547904,1.0,5.0,720,0.035048,0.207958,0.967945
796,22,4,residential,0.0,Res_547904,1.0,5.0,720,0.035048,0.207958,0.967945
797,22,5,residential,0.0,Res_547904,1.0,5.0,720,0.035048,0.207958,0.967945
798,22,6,residential,0.0,Res_547904,1.0,5.0,720,0.035048,0.207958,0.967945
799,22,7,residential,0.0,Res_547904,1.0,5.0,720,0.035048,0.207958,0.967945
800,22,8,residential,0.0,Res_459495,1.0,5.0,720,0.034298,0.240858,2.114878
801,22,9,residential,0.0,Res_547904,1.0,5.0,720,0.035048,0.207958,0.967945
802,22,10,residential,0.0,Res_547904,1.0,5.0,720,0.035048,0.207958,0.967945
803,22,11,residential,0.0,Res_547904,1.0,5.0,720,0.035048,0.207958,0.967945
804,22,12,residential,0.0,Res_132505,1.0,5.0,720,0.162946,2.085416,10.13319
805,22,13,residential,0.0,Res_499888,1.0,5.0,720,0.071386,0.157605,1.408703
806,22,14,residential,0.0,Res_37262,1.0,5.0,720,0.035789,0.321087,1.97337
807,22,15,residential,0.0,Res_182242,1.0,5.0,720,0.20518,1.250503,6.832881
808,22,16,residential,0.0,Res_369114,1.0,5.0,720,0.392071,3.136573,20.858476
809,22,17,residential,0.0,Res_419005,1.0,5.0,720,0.160016,1.825591,8.68076
810,22,18,residential,0.0,Res_188180,1.0,5.0,720,0.036789,0.18632,1.157132
811,22,19,residential,0.0,Res_461838,1.0,5.0,720,0.172361,0.940794,5.588295
812,22,20,residential,0.0,Res_502196,1.0,5.0,720,0.034298,0.271927,1.656553
813,22,21,residential,0.0,Res_245300,1.0,5.0,720,0.034298,0.221534,0.38237
814,22,22,residential,0.0,Res_24077,1.0,5.0,720,0.138275,1.787687,8.183413
815,22,23,residential,0.0,Res_37262,1.0,5.0,720,0.035789,0.321087,1.97337
816,22,24,residential,0.0,Res_419005,1.0,5.0,720,0.160016,1.825591,8.68076
817,22,25,residential,0.0,Res_369114,1.0,5.0,720,0.392071,3.136573,20.858476
818,22,26,residential,0.0,Res_547904,1.0,5.0,720,0.035048,0.207958,0.967945
819,22,27,residential,0.0,Res_155037,1.0,5.0,720,0.141726,0.50867,5.531534
820,22,28,residential,0.0,Res_407616,1.0,5.0,720,0.139939,0.714861,5.054496
821,22,29,residential,0.0,Res_408948,1.0,5.0,720,0.360957,2.51027,14.229927
822,22,30,residential,0.0,Res_494220,1.0,5.0,720,0.237774,1.865911,13.977485
823,22,31,residential,0.0,Res_407616,1.0,5.0,720,0.139939,0.714861,5.054496
824,22,32,residential,0.0,Res_494220,1.0,5.0,720,0.237774,1.865911,13.977485
825,22,33,residential,0.0,Res_182242,1.0,5.0,720,0.20518,1.250503,6.832881
826,22,34,residential,0.0,Res_95956,1.0,5.0,720,0.206012,3.04712,6.087695
827,22,35,residential,0.0,Res_112684,1.0,5.0,720,0.035048,0.225885,2.880728
828,23,0,residential,0.0,Res_512275,1.0,5.0,720,0.188269,1.258171,4.815628
829,23,1,residential,0.0,Res_547904,1.0,5.0,720,0.035048,0.207958,0.967945
830,23,2,residential,0.0,Res_547904,1.0,5.0,720,0.035048,0.207958,0.967945
831,23,3,residential,0.0,Res_547904,1.0,5.0,720,0.035048,0.207958,0.967945
832,23,4,residential,0.0,Res_101193,1.0,5.0,720,0.240915,1.130487,6.616498
833,23,5,residential,0.0,Res_369114,1.0,5.0,720,0.392071,3.136573,20.858476
834,23,6,residential,0.0,Res_165964,1.0,5.0,720,0.207148,1.584755,7.617993
835,23,7,residential,0.0,Res_499888,1.0,5.0,720,0.071386,0.157605,1.408703
836,23,8,residential,0.0,Res_369114,1.0,5.0,720,0.392071,3.136573,20.858476
837,23,9,residential,0.0,Res_369114,1.0,5.0,720,0.392071,3.136573,20.858476
838,23,10,residential,0.0,Res_369114,1.0,5.0,720,0.392071,3.136573,20.858476
839,23,11,residential,0.0,Res_369114,1.0,5.0,720,0.392071,3.136573,20.858476
840,23,12,residential,0.0,Res_61934,1.0,5.0,720,0.300381,4.105184,14.376828
841,23,13,residential,0.0,Res_499888,1.0,5.0,720,0.071386,0.157605,1.408703
842,23,14,residential,0.0,Res_499888,1.0,5.0,720,0.071386,0.157605,1.408703
843,23,15,residential,0.0,Res_537880,1.0,5.0,720,0.246015,2.686928,7.802027
844,23,16,residential,0.0,Res_251238,1.0,5.0,720,0.035789,0.402109,4.169606
845,23,17,residential,0.0,Res_230015,1.0,5.0,720,0.034298,0.124466,1.17434
846,23,18,residential,0.0,Res_123199,1.0,5.0,720,0.508845,3.178703,18.28123
847,23,19,residential,0.0,Res_61934,1.0,5.0,720,0.300381,4.105184,14.376828
848,23,20,residential,0.0,Res_37262,1.0,5.0,720,0.035789,0.321087,1.97337
849,23,21,residential,0.0,Res_188180,1.0,5.0,720,0.036789,0.18632,1.157132
850,23,22,residential,0.0,Res_538228,1.0,5.0,720,0.291743,2.170961,14.240562
851,23,23,residential,0.0,Res_538228,1.0,5.0,720,0.291743,2.170961,14.240562
852,23,24,residential,0.0,Res_494220,1.0,5.0,720,0.237774,1.865911,13.977485
853,23,25,residential,0.0,Res_459495,1.0,5.0,720,0.034298,0.240858,2.114878
854,23,26,residential,0.0,Res_230015,1.0,5.0,720,0.034298,0.124466,1.17434
855,23,27,residential,0.0,Res_230015,1.0,5.0,720,0.034298,0.124466,1.17434
856,23,28,residential,0.0,Res_35491,1.0,5.0,720,0.195558,1.731975,9.051168
857,23,29,residential,0.0,Res_547904,1.0,5.0,720,0.035048,0.207958,0.967945
858,23,30,residential,0.0,Res_117035,1.0,5.0,720,0.031611,0.221017,0.377884
859,23,31,residential,0.0,Res_455494,1.0,5.0,720,0.237056,1.89623,6.69992
860,23,32,residential,0.0,Res_182242,1.0,5.0,720,0.20518,1.250503,6.832881
861,23,33,residential,0.0,Res_302848,1.0,5.0,720,0.241132,1.173226,10.06914
862,23,34,residential,0.0,Res_132505,1.0,5.0,720,0.162946,2.085416,10.13319
863,23,35,residential,0.0,Res_95956,1.0,5.0,720,0.206012,3.04712,6.087695
864,24,0,residential,0.0,Res_188180,1.0,5.0,720,0.036789,0.18632,1.157132
865,24,1,residential,0.0,Res_547904,1.0,5.0,720,0.035048,0.207958,0.967945
866,24,2,residential,0.0,Res_547904,1.0,5.0,720,0.035048,0.207958,0.967945
867,24,3,residential,0.0,Res_547904,1.0,5.0,720,0.035048,0.207958,0.967945
868,24,4,residential,0.0,Res_459495,1.0,5.0,720,0.034298,0.240858,2.114878
869,24,5,residential,0.0,Res_499888,1.0,5.0,720,0.071386,0.157605,1.408703
870,24,6,residential,0.0,Res_499888,1.0,5.0,720,0.071386,0.157605,1.408703
871,24,7,residential,0.0,Res_499888,1.0,5.0,720,0.071386,0.157605,1.408703
872,24,8,residential,0.0,Res_369114,1.0,5.0,720,0.392071,3.136573,20.858476
873,24,9,residential,0.0,Res_499888,1.0,5.0,720,0.071386,0.157605,1.408703
874,24,10,residential,0.0,Res_369114,1.0,5.0,720,0.392071,3.136573,20.858476
875,24,11,residential,0.0,Res_369114,1.0,5.0,720,0.392071,3.136573,20.858476
876,24,12,residential,0.0,Res_132505,1.0,5.0,720,0.162946,2.085416,10.13319
877,24,13,residential,0.0,Res_499888,1.0,5.0,720,0.071386,0.157605,1.408703
878,24,14,residential,0.0,Res_499888,1.0,5.0,720,0.071386,0.157605,1.408703
879,24,15,residential,0.0,Res_214280,1.0,5.0,720,0.035789,0.259703,1.020828
880,24,16,residential,0.0,Res_59875,1.0,5.0,720,0.519193,2.184073,11.607368
881,24,17,residential,0.0,Res_499888,1.0,5.0,720,0.071386,0.157605,1.408703
882,24,18,residential,0.0,Res_499888,1.0,5.0,720,0.071386,0.157605,1.408703
883,24,19,residential,0.0,Res_24137,1.0,5.0,720,0.154625,2.166687,7.987188
884,24,20,residential,0.0,Res_494220,1.0,5.0,720,0.237774,1.865911,13.977485
885,24,21,residential,0.0,Res_538228,1.0,5.0,720,0.291743,2.170961,14.240562
886,24,22,residential,0.0,Res_494220,1.0,5.0,720,0.237774,1.865911,13.977485
887,24,23,residential,0.0,Res_505641,1.0,5.0,720,0.129296,3.20737,10.241891
888,24,24,residential,0.0,Res_182242,1.0,5.0,720,0.20518,1.250503,6.832881
889,24,25,residential,0.0,Res_381254,1.0,5.0,720,0.268351,1.453267,6.671404
890,24,26,residential,0.0,Res_95956,1.0,5.0,720,0.206012,3.04712,6.087695
891,24,27,residential,0.0,Res_60586,1.0,5.0,720,0.186098,0.938461,7.237257
892,24,28,residential,0.0,Res_95956,1.0,5.0,720,0.206012,3.04712,6.087695
893,24,29,residential,0.0,Res_166565,1.0,5.0,720,0.736392,3.898932,11.130896
894,24,30,residential,0.0,Res_230015,1.0,5.0,720,0.034298,0.124466,1.17434
895,24,31,residential,0.0,Res_182242,1.0,5.0,720,0.20518,1.250503,6.832881
896,24,32,residential,0.0,Res_547904,1.0,5.0,720,0.035048,0.207958,0.967945
897,24,33,residential,0.0,Res_188180,1.0,5.0,720,0.036789,0.18632,1.157132
898,24,34,residential,0.0,Res_549948,1.0,5.0,720,0.036789,0.161478,0.831269
899,24,35,residential,0.0,Res_485263,1.0,5.0,720,0.130668,0.909229,8.127046
900,25,0,residential,0.0,Res_230015,1.0,5.0,720,0.034298,0.124466,1.17434
901,25,1,residential,0.0,Res_547904,1.0,5.0,720,0.035048,0.207958,0.967945
902,25,2,residential,0.0,Res_547904,1.0,5.0,720,0.035048,0.207958,0.967945
903,25,3,residential,0.0,Res_547904,1.0,5.0,720,0.035048,0.207958,0.967945
904,25,4,residential,0.0,Res_547904,1.0,5.0,720,0.035048,0.207958,0.967945
905,25,5,residential,0.0,Res_499888,1.0,5.0,720,0.071386,0.157605,1.408703
906,25,6,residential,0.0,Res_132505,1.0,5.0,720,0.162946,2.085416,10.13319
907,25,7,residential,0.0,Res_499888,1.0,5.0,720,0.071386,0.157605,1.408703
908,25,8,residential,0.0,Res_499888,1.0,5.0,720,0.071386,0.157605,1.408703
909,25,9,residential,0.0,Res_499888,1.0,5.0,720,0.071386,0.157605,1.408703
910,25,10,residential,0.0,Res_369114,1.0,5.0,720,0.392071,3.136573,20.858476
911,25,11,residential,0.0,Res_369114,1.0,5.0,720,0.392071,3.136573,20.858476
912,25,12,residential,0.0,Res_499888,1.0,5.0,720,0.071386,0.157605,1.408703
913,25,13,residential,0.0,Res_499888,1.0,5.0,720,0.071386,0.157605,1.408703
914,25,14,residential,0.0,Res_499888,1.0,5.0,720,0.071386,0.157605,1.408703
915,25,15,residential,0.0,Res_24137,1.0,5.0,720,0.154625,2.166687,7.987188
916,25,16,residential,0.0,Res_499888,1.0,5.0,720,0.071386,0.157605,1.408703
917,25,17,residential,0.0,Res_369114,1.0,5.0,720,0.392071,3.136573,20.858476
918,25,18,residential,0.0,Res_499888,1.0,5.0,720,0.071386,0.157605,1.408703
919,25,19,residential,0.0,Res_61934,1.0,5.0,720,0.300381,4.105184,14.376828
920,25,20,residential,0.0,Res_512275,1.0,5.0,720,0.188269,1.258171,4.815628
921,25,21,residential,0.0,Res_494220,1.0,5.0,720,0.237774,1.865911,13.977485
922,25,22,residential,0.0,Res_494220,1.0,5.0,720,0.237774,1.865911,13.977485
923,25,23,residential,0.0,Res_505641,1.0,5.0,720,0.129296,3.20737,10.241891
924,25,24,residential,0.0,Res_381254,1.0,5.0,720,0.268351,1.453267,6.671404
925,25,25,residential,0.0,Res_95956,1.0,5.0,720,0.206012,3.04712,6.087695
926,25,26,residential,0.0,Res_183640,1.0,5.0,720,0.202612,1.618803,5.701967
927,25,27,residential,0.0,Res_381254,1.0,5.0,720,0.268351,1.453267,6.671404
928,25,28,residential,0.0,Res_485263,1.0,5.0,720,0.130668,0.909229,8.127046
929,25,29,residential,0.0,Res_485263,1.0,5.0,720,0.130668,0.909229,8.127046
930,25,30,residential,0.0,Res_369471,1.0,5.0,720,0.43213,3.170947,12.79511
931,25,31,residential,0.0,Res_95956,1.0,5.0,720,0.206012,3.04712,6.087695
932,25,32,residential,0.0,Res_505641,1.0,5.0,720,0.129296,3.20737,10.241891
933,25,33,residential,0.0,Res_468097,1.0,5.0,720,0.327086,1.108329,4.605244
934,25,34,residential,0.0,Res_264699,1.0,5.0,720,0.035048,0.158604,0.70757
935,25,35,residential,0.0,Res_95956,1.0,5.0,720,0.206012,3.04712,6.087695
936,26,0,residential,0.0,Res_485263,1.0,5.0,720,0.130668,0.909229,8.127046
937,26,1,residential,0.0,Res_547904,1.0,5.0,720,0.035048,0.207958,0.967945
938,26,2,residential,0.0,Res_369114,1.0,5.0,720,0.392071,3.136573,20.858476
939,26,3,residential,0.0,Res_547904,1.0,5.0,720,0.035048,0.207958,0.967945
940,26,4,residential,0.0,Res_547904,1.0,5.0,720,0.035048,0.207958,0.967945
941,26,5,residential,0.0,Res_499888,1.0,5.0,720,0.071386,0.157605,1.408703
942,26,6,residential,0.0,Res_499888,1.0,5.0,720,0.071386,0.157605,1.408703
943,26,7,residential,0.0,Res_494220,1.0,5.0,720,0.237774,1.865911,13.977485
944,26,8,residential,0.0,Res_410302,1.0,5.0,720,0.035789,0.378645,3.697621
945,26,9,residential,0.0,Res_499888,1.0,5.0,720,0.071386,0.157605,1.408703
946,26,10,residential,0.0,Res_61934,1.0,5.0,720,0.300381,4.105184,14.376828
947,26,11,residential,0.0,Res_195409,1.0,5.0,720,0.211015,0.966308,8.938076
948,26,12,residential,0.0,Res_369114,1.0,5.0,720,0.392071,3.136573,20.858476
949,26,13,residential,0.0,Res_499888,1.0,5.0,720,0.071386,0.157605,1.408703
950,26,14,residential,0.0,Res_499888,1.0,5.0,720,0.071386,0.157605,1.408703
951,26,15,residential,0.0,Res_195409,1.0,5.0,720,0.211015,0.966308,8.938076
952,26,16,residential,0.0,Res_132505,1.0,5.0,720,0.162946,2.085416,10.13319
953,26,17,residential,0.0,Res_250612,1.0,5.0,720,0.254335,1.369516,8.714841
954,26,18,residential,0.0,Res_499888,1.0,5.0,720,0.071386,0.157605,1.408703
955,26,19,residential,0.0,Res_188180,1.0,5.0,720,0.036789,0.18632,1.157132
956,26,20,residential,0.0,Res_494220,1.0,5.0,720,0.237774,1.865911,13.977485
957,26,21,residential,0.0,Res_188180,1.0,5.0,720,0.036789,0.18632,1.157132
958,26,22,residential,0.0,Res_494220,1.0,5.0,720,0.237774,1.865911,13.977485
959,26,23,residential,0.0,Res_95956,1.0,5.0,720,0.206012,3.04712,6.087695
960,26,24,residential,0.0,Res_268794,1.0,5.0,720,0.034298,0.243303,0.782874
961,26,25,residential,0.0,Res_381254,1.0,5.0,720,0.268351,1.453267,6.671404
962,26,26,residential,0.0,Res_182242,1.0,5.0,720,0.20518,1.250503,6.832881
963,26,27,residential,0.0,Res_455494,1.0,5.0,720,0.237056,1.89623,6.69992
964,26,28,residential,0.0,Res_95956,1.0,5.0,720,0.206012,3.04712,6.087695
965,26,29,residential,0.0,Res_485263,1.0,5.0,720,0.130668,0.909229,8.127046
966,26,30,residential,0.0,Res_95956,1.0,5.0,720,0.206012,3.04712,6.087695
967,26,31,residential,0.0,Res_95956,1.0,5.0,720,0.206012,3.04712,6.087695
968,26,32,residential,0.0,Res_381254,1.0,5.0,720,0.268351,1.453267,6.671404
969,26,33,residential,0.0,Res_264699,1.0,5.0,720,0.035048,0.158604,0.70757
970,26,34,residential,0.0,Res_369114,1.0,5.0,720,0.392071,3.136573,20.858476
971,26,35,residential,0.0,Res_538228,1.0,5.0,720,0.291743,2.170961,14.240562
972,27,0,residential,0.0,Res_101193,1.0,5.0,720,0.240915,1.130487,6.616498
973,27,1,residential,0.0,Res_369114,1.0,5.0,720,0.392071,3.136573,20.858476
974,27,2,residential,0.0,Res_547904,1.0,5.0,720,0.035048,0.207958,0.967945
975,27,3,residential,0.0,Res_188180,1.0,5.0,720,0.036789,0.18632,1.157132
976,27,4,residential,0.0,Res_37262,1.0,5.0,720,0.035789,0.321087,1.97337
977,27,5,residential,0.0,Res_499888,1.0,5.0,720,0.071386,0.157605,1.408703
978,27,6,residential,0.0,Res_520632,1.0,5.0,720,0.039583,0.208395,0.470482
979,27,7,residential,0.0,Res_410302,1.0,5.0,720,0.035789,0.378645,3.697621
980,27,8,residential,0.0,Res_485263,1.0,5.0,720,0.130668,0.909229,8.127046
981,27,9,residential,0.0,Res_132505,1.0,5.0,720,0.162946,2.085416,10.13319
982,27,10,residential,0.0,Res_369114,1.0,5.0,720,0.392071,3.136573,20.858476
983,27,11,residential,0.0,Res_195409,1.0,5.0,720,0.211015,0.966308,8.938076
984,27,12,residential,0.0,Res_369114,1.0,5.0,720,0.392071,3.136573,20.858476
985,27,13,residential,0.0,Res_446097,1.0,5.0,720,0.037032,0.272293,1.595147
986,27,14,residential,0.0,Res_369114,1.0,5.0,720,0.392071,3.136573,20.858476
987,27,15,residential,0.0,Res_132505,1.0,5.0,720,0.162946,2.085416,10.13319
988,27,16,residential,0.0,Res_499888,1.0,5.0,720,0.071386,0.157605,1.408703
989,27,17,residential,0.0,Res_499888,1.0,5.0,720,0.071386,0.157605,1.408703
990,27,18,residential,0.0,Res_369114,1.0,5.0,720,0.392071,3.136573,20.858476
991,27,19,residential,0.0,Res_95956,1.0,5.0,720,0.206012,3.04712,6.087695
992,27,20,residential,0.0,Res_95956,1.0,5.0,720,0.206012,3.04712,6.087695
993,27,21,residential,0.0,Res_182242,1.0,5.0,720,0.20518,1.250503,6.832881
994,27,22,residential,0.0,Res_95956,1.0,5.0,720,0.206012,3.04712,6.087695
995,27,23,residential,0.0,Res_182242,1.0,5.0,720,0.20518,1.250503,6.832881
996,27,24,residential,0.0,Res_95956,1.0,5.0,720,0.206012,3.04712,6.087695
997,27,25,residential,0.0,Res_182242,1.0,5.0,720,0.20518,1.250503,6.832881
998,27,26,residential,0.0,Res_138378,1.0,5.0,720,0.458556,2.654015,6.869353
999,27,27,residential,0.0,Res_455494,1.0,5.0,720,0.237056,1.89623,6.69992
1000,27,28,residential,0.0,Res_82326,1.0,5.0,720,0.33204,1.482575,10.600171
1001,27,29,residential,0.0,Res_455494,1.0,5.0,720,0.237056,1.89623,6.69992
1002,27,30,residential,0.0,Res_295918,1.0,5.0,720,0.159615,1.589396,4.109079
1003,27,31,residential,0.0,Res_60586,1.0,5.0,720,0.186098,0.938461,7.237257
1004,27,32,residential,0.0,Res_72557,1.0,5.0,720,0.115591,1.230086,5.290211
1005,27,33,residential,0.0,Res_499888,1.0,5.0,720,0.071386,0.157605,1.408703
1006,27,34,residential,0.0,Res_520632,1.0,5.0,720,0.039583,0.208395,0.470482
1007,27,35,residential,0.0,Res_538228,1.0,5.0,720,0.291743,2.170961,14.240562
1008,28,0,residential,0.0,Res_499888,1.0,5.0,720,0.071386,0.157605,1.408703
1009,28,1,residential,0.0,Res_251238,1.0,5.0,720,0.035789,0.402109,4.169606
1010,28,2,residential,0.0,Res_369471,1.0,5.0,720,0.43213,3.170947,12.79511
1011,28,3,residential,0.0,Res_485263,1.0,5.0,720,0.130668,0.909229,8.127046
1012,28,4,residential,0.0,Res_485263,1.0,5.0,720,0.130668,0.909229,8.127046
1013,28,5,residential,0.0,Res_157594,1.0,5.0,720,0.037933,0.13508,1.049074
1014,28,6,residential,0.0,Res_471290,1.0,5.0,720,0.038683,0.210781,3.199924
1015,28,7,residential,0.0,Res_188180,1.0,5.0,720,0.036789,0.18632,1.157132
1016,28,8,residential,0.0,Res_494220,1.0,5.0,720,0.237774,1.865911,13.977485
1017,28,9,residential,0.0,Res_369114,1.0,5.0,720,0.392071,3.136573,20.858476
1018,28,10,residential,0.0,Res_369114,1.0,5.0,720,0.392071,3.136573,20.858476
1019,28,11,residential,0.0,Res_499888,1.0,5.0,720,0.071386,0.157605,1.408703
1020,28,12,residential,0.0,Res_369114,1.0,5.0,720,0.392071,3.136573,20.858476
1021,28,13,residential,0.0,Res_369114,1.0,5.0,720,0.392071,3.136573,20.858476
1022,28,14,residential,0.0,Res_499888,1.0,5.0,720,0.071386,0.157605,1.408703
1023,28,15,residential,0.0,Res_499888,1.0,5.0,720,0.071386,0.157605,1.408703
1024,28,16,residential,0.0,Res_499888,1.0,5.0,720,0.071386,0.157605,1.408703
1025,28,17,residential,0.0,Res_369114,1.0,5.0,720,0.392071,3.136573,20.858476
1026,28,18,residential,0.0,Res_369114,1.0,5.0,720,0.392071,3.136573,20.858476
1027,28,19,residential,0.0,Res_95956,1.0,5.0,720,0.206012,3.04712,6.087695
1028,28,20,residential,0.0,Res_455494,1.0,5.0,720,0.237056,1.89623,6.69992
1029,28,21,residential,0.0,Res_485263,1.0,5.0,720,0.130668,0.909229,8.127046
1030,28,22,residential,0.0,Res_485263,1.0,5.0,720,0.130668,0.909229,8.127046
1031,28,23,residential,0.0,Res_95956,1.0,5.0,720,0.206012,3.04712,6.087695
1032,28,24,residential,0.0,Res_95956,1.0,5.0,720,0.206012,3.04712,6.087695
1033,28,25,residential,0.0,Res_183640,1.0,5.0,720,0.202612,1.618803,5.701967
1034,28,26,residential,0.0,Res_60586,1.0,5.0,720,0.186098,0.938461,7.237257
1035,28,27,residential,0.0,Res_182242,1.0,5.0,720,0.20518,1.250503,6.832881
1036,28,28,residential,0.0,Res_95956,1.0,5.0,720,0.206012,3.04712,6.087695
1037,28,29,residential,0.0,Res_95956,1.0,5.0,720,0.206012,3.04712,6.087695
1038,28,30,residential,0.0,Res_95956,1.0,5.0,720,0.206012,3.04712,6.087695
1039,28,31,residential,0.0,Res_494220,1.0,5.0,720,0.237774,1.865911,13.977485
1040,28,32,residential,0.0,Res_230015,1.0,5.0,720,0.034298,0.124466,1.17434
1041,28,33,residential,0.0,Res_95956,1.0,5.0,720,0.206012,3.04712,6.087695
1042,28,34,residential,0.0,Res_547904,1.0,5.0,720,0.035048,0.207958,0.967945
1043,28,35,residential,0.0,Res_251238,1.0,5.0,720,0.035789,0.402109,4.169606
1044,29,0,residential,0.0,Res_481920,1.0,5.0,720,0.246085,0.974473,5.083105
1045,29,1,residential,0.0,Res_494220,1.0,5.0,720,0.237774,1.865911,13.977485
1046,29,2,residential,0.0,Res_494220,1.0,5.0,720,0.237774,1.865911,13.977485
1047,29,3,residential,0.0,Res_208558,1.0,5.0,720,0.035789,0.212887,0.380567
1048,29,4,residential,0.0,Res_499888,1.0,5.0,720,0.071386,0.157605,1.408703
1049,29,5,residential,0.0,Res_547904,1.0,5.0,720,0.035048,0.207958,0.967945
1050,29,6,residential,0.0,Res_95956,1.0,5.0,720,0.206012,3.04712,6.087695
1051,29,7,residential,0.0,Res_494220,1.0,5.0,720,0.237774,1.865911,13.977485
1052,29,8,residential,0.0,Res_369114,1.0,5.0,720,0.392071,3.136573,20.858476
1053,29,9,residential,0.0,Res_195409,1.0,5.0,720,0.211015,0.966308,8.938076
1054,29,10,residential,0.0,Res_369114,1.0,5.0,720,0.392071,3.136573,20.858476
1055,29,11,residential,0.0,Res_369114,1.0,5.0,720,0.392071,3.136573,20.858476
1056,29,12,residential,0.0,Res_369114,1.0,5.0,720,0.392071,3.136573,20.858476
1057,29,13,residential,0.0,Res_369114,1.0,5.0,720,0.392071,3.136573,20.858476
1058,29,14,residential,0.0,Res_182242,1.0,5.0,720,0.20518,1.250503,6.832881
1059,29,15,residential,0.0,Res_499888,1.0,5.0,720,0.071386,0.157605,1.408703
1060,29,16,residential,0.0,Res_369114,1.0,5.0,720,0.392071,3.136573,20.858476
1061,29,17,residential,0.0,Res_369114,1.0,5.0,720,0.392071,3.136573,20.858476
1062,29,18,residential,0.0,Res_95956,1.0,5.0,720,0.206012,3.04712,6.087695
1063,29,19,residential,0.0,Res_95956,1.0,5.0,720,0.206012,3.04712,6.087695
1064,29,20,residential,0.0,Res_182242,1.0,5.0,720,0.20518,1.250503,6.832881
1065,29,21,residential,0.0,Res_207549,1.0,5.0,720,0.188368,0.990854,6.764716
1066,29,22,residential,0.0,Res_182242,1.0,5.0,720,0.20518,1.250503,6.832881
1067,29,23,residential,0.0,Res_182242,1.0,5.0,720,0.20518,1.250503,6.832881
1068,29,24,residential,0.0,Res_182242,1.0,5.0,720,0.20518,1.250503,6.832881
1069,29,25,residential,0.0,Res_219546,1.0,5.0,720,0.202689,0.900502,10.337203
1070,29,26,residential,0.0,Res_182242,1.0,5.0,720,0.20518,1.250503,6.832881
1071,29,27,residential,0.0,Res_95956,1.0,5.0,720,0.206012,3.04712,6.087695
1072,29,28,residential,0.0,Res_410302,1.0,5.0,720,0.035789,0.378645,3.697621
1073,29,29,residential,0.0,Res_188180,1.0,5.0,720,0.036789,0.18632,1.157132
1074,29,30,residential,0.0,Res_547904,1.0,5.0,720,0.035048,0.207958,0.967945
1075,29,31,residential,0.0,Res_547904,1.0,5.0,720,0.035048,0.207958,0.967945
1076,29,32,residential,0.0,Res_446577,1.0,5.0,720,0.130916,0.566199,5.464199
1077,29,33,residential,0.0,Res_182242,1.0,5.0,720,0.20518,1.250503,6.832881
1078,29,34,residential,0.0,Res_369114,1.0,5.0,720,0.392071,3.136573,20.858476
1079,29,35,residential,0.0,Res_188180,1.0,5.0,720,0.036789,0.18632,1.157132
1080,30,0,residential,0.0,Res_547904,1.0,5.0,720,0.035048,0.207958,0.967945
1081,30,1,residential,0.0,Res_547904,1.0,5.0,720,0.035048,0.207958,0.967945
1082,30,2,residential,0.0,Res_410302,1.0,5.0,720,0.035789,0.378645,3.697621
1083,30,3,residential,0.0,Res_471290,1.0,5.0,720,0.038683,0.210781,3.199924
1084,30,4,residential,0.0,Res_37220,1.0,5.0,720,0.031611,0.236724,0.720253
1085,30,5,residential,0.0,Res_520632,1.0,5.0,720,0.039583,0.208395,0.470482
1086,30,6,residential,0.0,Res_95956,1.0,5.0,720,0.206012,3.04712,6.087695
1087,30,7,residential,0.0,Res_547904,1.0,5.0,720,0.035048,0.207958,0.967945
1088,30,8,residential,0.0,Res_410302,1.0,5.0,720,0.035789,0.378645,3.697621
1089,30,9,residential,0.0,Res_499888,1.0,5.0,720,0.071386,0.157605,1.408703
1090,30,10,residential,0.0,Res_132505,1.0,5.0,720,0.162946,2.085416,10.13319
1091,30,11,residential,0.0,Res_499888,1.0,5.0,720,0.071386,0.157605,1.408703
1092,30,12,residential,0.0,Res_369114,1.0,5.0,720,0.392071,3.136573,20.858476
1093,30,13,residential,0.0,Res_310599,1.0,5.0,720,0.063204,0.12503,0.58792
1094,30,14,residential,0.0,Res_499888,1.0,5.0,720,0.071386,0.157605,1.408703
1095,30,15,residential,0.0,Res_499888,1.0,5.0,720,0.071386,0.157605,1.408703
1096,30,16,residential,0.0,Res_499888,1.0,5.0,720,0.071386,0.157605,1.408703
1097,30,17,residential,0.0,Res_499888,1.0,5.0,720,0.071386,0.157605,1.408703
1098,30,18,residential,0.0,Res_95956,1.0,5.0,720,0.206012,3.04712,6.087695
1099,30,19,residential,0.0,Res_95956,1.0,5.0,720,0.206012,3.04712,6.087695
1100,30,20,residential,0.0,Res_182242,1.0,5.0,720,0.20518,1.250503,6.832881
1101,30,21,residential,0.0,Res_166565,1.0,5.0,720,0.736392,3.898932,11.130896
1102,30,22,residential,0.0,Res_182242,1.0,5.0,720,0.20518,1.250503,6.832881
1103,30,23,residential,0.0,Res_182242,1.0,5.0,720,0.20518,1.250503,6.832881
1104,30,24,residential,0.0,Res_82326,1.0,5.0,720,0.33204,1.482575,10.600171
1105,30,25,residential,0.0,Res_381254,1.0,5.0,720,0.268351,1.453267,6.671404
1106,30,26,residential,0.0,Res_182242,1.0,5.0,720,0.20518,1.250503,6.832881
1107,30,27,residential,0.0,Res_95956,1.0,5.0,720,0.206012,3.04712,6.087695
1108,30,28,residential,0.0,Res_95956,1.0,5.0,720,0.206012,3.04712,6.087695
1109,30,29,residential,0.0,Res_494220,1.0,5.0,720,0.237774,1.865911,13.977485
1110,30,30,residential,0.0,Res_132505,1.0,5.0,720,0.162946,2.085416,10.13319
1111,30,31,residential,0.0,Res_302848,1.0,5.0,720,0.241132,1.173226,10.06914
1112,30,32,residential,0.0,Res_369114,1.0,5.0,720,0.392071,3.136573,20.858476
1113,30,33,residential,0.0,Res_547904,1.0,5.0,720,0.035048,0.207958,0.967945
1114,30,34,residential,0.0,Res_455494,1.0,5.0,720,0.237056,1.89623,6.69992
1115,30,35,residential,0.0,Res_495690,1.0,5.0,720,0.28489,1.371364,8.409131
1116,31,0,residential,0.0,Res_251238,1.0,5.0,720,0.035789,0.402109,4.169606
1117,31,1,residential,0.0,Res_95956,1.0,5.0,720,0.206012,3.04712,6.087695
1118,31,2,residential,0.0,Res_547904,1.0,5.0,720,0.035048,0.207958,0.967945
1119,31,3,residential,0.0,Res_188180,1.0,5.0,720,0.036789,0.18632,1.157132
1120,31,4,residential,0.0,Res_230015,1.0,5.0,720,0.034298,0.124466,1.17434
1121,31,5,residential,0.0,Res_512275,1.0,5.0,720,0.188269,1.258171,4.815628
1122,31,6,residential,0.0,Res_230015,1.0,5.0,720,0.034298,0.124466,1.17434
1123,31,7,residential,0.0,Res_230015,1.0,5.0,720,0.034298,0.124466,1.17434
1124,31,8,residential,0.0,Res_302848,1.0,5.0,720,0.241132,1.173226,10.06914
1125,31,9,residential,0.0,Res_499888,1.0,5.0,720,0.071386,0.157605,1.408703
1126,31,10,residential,0.0,Res_499888,1.0,5.0,720,0.071386,0.157605,1.408703
1127,31,11,residential,0.0,Res_132505,1.0,5.0,720,0.162946,2.085416,10.13319
1128,31,12,residential,0.0,Res_499888,1.0,5.0,720,0.071386,0.157605,1.408703
1129,31,13,residential,0.0,Res_499888,1.0,5.0,720,0.071386,0.157605,1.408703
1130,31,14,residential,0.0,Res_499888,1.0,5.0,720,0.071386,0.157605,1.408703
1131,31,15,residential,0.0,Res_499888,1.0,5.0,720,0.071386,0.157605,1.408703
1132,31,16,residential,0.0,Res_369114,1.0,5.0,720,0.392071,3.136573,20.858476
1133,31,17,residential,0.0,Res_95956,1.0,5.0,720,0.206012,3.04712,6.087695
1134,31,18,residential,0.0,Res_95956,1.0,5.0,720,0.206012,3.04712,6.087695
1135,31,19,residential,0.0,Res_182242,1.0,5.0,720,0.20518,1.250503,6.832881
1136,31,20,residential,0.0,Res_95956,1.0,5.0,720,0.206012,3.04712,6.087695
1137,31,21,residential,0.0,Res_547904,1.0,5.0,720,0.035048,0.207958,0.967945
1138,31,22,residential,0.0,Res_547904,1.0,5.0,720,0.035048,0.207958,0.967945
1139,31,23,residential,0.0,Res_82326,1.0,5.0,720,0.33204,1.482575,10.600171
1140,31,24,residential,0.0,Res_95956,1.0,5.0,720,0.206012,3.04712,6.087695
1141,31,25,residential,0.0,Res_182242,1.0,5.0,720,0.20518,1.250503,6.832881
1142,31,26,residential,0.0,Res_219546,1.0,5.0,720,0.202689,0.900502,10.337203
1143,31,27,residential,0.0,Res_182242,1.0,5.0,720,0.20518,1.250503,6.832881
1144,31,28,residential,0.0,Res_95956,1.0,5.0,720,0.206012,3.04712,6.087695
1145,31,29,residential,0.0,Res_310599,1.0,5.0,720,0.063204,0.12503,0.58792
1146,31,30,residential,0.0,Res_188180,1.0,5.0,720,0.036789,0.18632,1.157132
1147,31,31,residential,0.0,Res_502967,1.0,5.0,720,0.039583,0.263694,1.490018
1148,31,32,residential,0.0,Res_108418,1.0,5.0,720,0.1728,0.926858,4.928296
1149,31,33,residential,0.0,Res_477867,1.0,5.0,720,0.035789,0.232144,0.735076
1150,31,34,residential,0.0,Res_188180,1.0,5.0,720,0.036789,0.18632,1.157132
1151,31,35,residential,0.0,Res_302848,1.0,5.0,720,0.241132,1.173226,10.06914
1152,32,0,residential,0.0,Res_182242,1.0,5.0,720,0.20518,1.250503,6.832881
1153,32,1,residential,0.0,Res_182242,1.0,5.0,720,0.20518,1.250503,6.832881
1154,32,2,residential,0.0,Res_369114,1.0,5.0,720,0.392071,3.136573,20.858476
1155,32,3,residential,0.0,Res_95956,1.0,5.0,720,0.206012,3.04712,6.087695
1156,32,4,residential,0.0,Res_112684,1.0,5.0,720,0.035048,0.225885,2.880728
1157,32,5,residential,0.0,Res_251238,1.0,5.0,720,0.035789,0.402109,4.169606
1158,32,6,residential,0.0,Res_188180,1.0,5.0,720,0.036789,0.18632,1.157132
1159,32,7,residential,0.0,Res_218306,1.0,5.0,720,0.034298,0.218342,0.380999
1160,32,8,residential,0.0,Res_346138,1.0,5.0,720,0.072249,0.290454,1.545482
1161,32,9,residential,0.0,Res_230015,1.0,5.0,720,0.034298,0.124466,1.17434
1162,32,10,residential,0.0,Res_547904,1.0,5.0,720,0.035048,0.207958,0.967945
1163,32,11,residential,0.0,Res_369114,1.0,5.0,720,0.392071,3.136573,20.858476
1164,32,12,residential,0.0,Res_230015,1.0,5.0,720,0.034298,0.124466,1.17434
1165,32,13,residential,0.0,Res_230015,1.0,5.0,720,0.034298,0.124466,1.17434
1166,32,14,residential,0.0,Res_547904,1.0,5.0,720,0.035048,0.207958,0.967945
1167,32,15,residential,0.0,Res_369114,1.0,5.0,720,0.392071,3.136573,20.858476
1168,32,16,residential,0.0,Res_95956,1.0,5.0,720,0.206012,3.04712,6.087695
1169,32,17,residential,0.0,Res_95956,1.0,5.0,720,0.206012,3.04712,6.087695
1170,32,18,residential,0.0,Res_95956,1.0,5.0,720,0.206012,3.04712,6.087695
1171,32,19,residential,0.0,Res_95956,1.0,5.0,720,0.206012,3.04712,6.087695
1172,32,20,residential,0.0,Res_182242,1.0,5.0,720,0.20518,1.250503,6.832881
1173,32,21,residential,0.0,Res_410302,1.0,5.0,720,0.035789,0.378645,3.697621
1174,32,22,residential,0.0,Res_82326,1.0,5.0,720,0.33204,1.482575,10.600171
1175,32,23,residential,0.0,Res_82326,1.0,5.0,720,0.33204,1.482575,10.600171
1176,32,24,residential,0.0,Res_95956,1.0,5.0,720,0.206012,3.04712,6.087695
1177,32,25,residential,0.0,Res_485263,1.0,5.0,720,0.130668,0.909229,8.127046
1178,32,26,residential,0.0,Res_295918,1.0,5.0,720,0.159615,1.589396,4.109079
1179,32,27,residential,0.0,Res_251238,1.0,5.0,720,0.035789,0.402109,4.169606
1180,32,28,residential,0.0,Res_95956,1.0,5.0,720,0.206012,3.04712,6.087695
1181,32,29,residential,0.0,Res_485980,1.0,5.0,720,0.170262,0.659982,2.4129
1182,32,30,residential,0.0,Res_95956,1.0,5.0,720,0.206012,3.04712,6.087695
1183,32,31,residential,0.0,Res_547904,1.0,5.0,720,0.035048,0.207958,0.967945
1184,32,32,residential,0.0,Res_95956,1.0,5.0,720,0.206012,3.04712,6.087695
1185,32,33,residential,0.0,Res_547904,1.0,5.0,720,0.035048,0.207958,0.967945
1186,32,34,residential,0.0,Res_410302,1.0,5.0,720,0.035789,0.378645,3.697621
1187,32,35,residential,0.0,Res_449646,1.0,5.0,720,0.035789,0.265539,1.154668
1188,33,0,residential,0.0,Res_369114,1.0,5.0,720,0.392071,3.136573,20.858476
1189,33,1,residential,0.0,Res_499888,1.0,5.0,720,0.071386,0.157605,1.408703
1190,33,2,residential,0.0,Res_230015,1.0,5.0,720,0.034298,0.124466,1.17434
1191,33,3,residential,0.0,Res_357215,1.0,5.0,720,0.270737,1.766402,10.284504
1192,33,4,residential,0.0,Res_547904,1.0,5.0,720,0.035048,0.207958,0.967945
1193,33,5,residential,0.0,Res_369114,1.0,5.0,720,0.392071,3.136573,20.858476
1194,33,6,residential,0.0,Res_449646,1.0,5.0,720,0.035789,0.265539,1.154668
1195,33,7,residential,0.0,Res_547904,1.0,5.0,720,0.035048,0.207958,0.967945
1196,33,8,residential,0.0,Res_410302,1.0,5.0,720,0.035789,0.378645,3.697621
1197,33,9,residential,0.0,Res_182242,1.0,5.0,720,0.20518,1.250503,6.832881
1198,33,10,residential,0.0,Res_485263,1.0,5.0,720,0.130668,0.909229,8.127046
1199,33,11,residential,0.0,Res_37262,1.0,5.0,720,0.035789,0.321087,1.97337
1200,33,12,residential,0.0,Res_461838,1.0,5.0,720,0.172361,0.940794,5.588295
1201,33,13,residential,0.0,Res_547904,1.0,5.0,720,0.035048,0.207958,0.967945
1202,33,14,residential,0.0,Res_494220,1.0,5.0,720,0.237774,1.865911,13.977485
1203,33,15,residential,0.0,Res_182242,1.0,5.0,720,0.20518,1.250503,6.832881
1204,33,16,residential,0.0,Res_182242,1.0,5.0,720,0.20518,1.250503,6.832881
1205,33,17,residential,0.0,Res_95956,1.0,5.0,720,0.206012,3.04712,6.087695
1206,33,18,residential,0.0,Res_95956,1.0,5.0,720,0.206012,3.04712,6.087695
1207,33,19,residential,0.0,Res_219546,1.0,5.0,720,0.202689,0.900502,10.337203
1208,33,20,residential,0.0,Res_182242,1.0,5.0,720,0.20518,1.250503,6.832881
1209,33,21,residential,0.0,Res_410302,1.0,5.0,720,0.035789,0.378645,3.697621
1210,33,22,residential,0.0,Res_95956,1.0,5.0,720,0.206012,3.04712,6.087695
1211,33,23,residential,0.0,Res_182242,1.0,5.0,720,0.20518,1.250503,6.832881
1212,33,24,residential,0.0,Res_219546,1.0,5.0,720,0.202689,0.900502,10.337203
1213,33,25,residential,0.0,Res_455494,1.0,5.0,720,0.237056,1.89623,6.69992
1214,33,26,residential,0.0,Res_95956,1.0,5.0,720,0.206012,3.04712,6.087695
1215,33,27,residential,0.0,Res_60586,1.0,5.0,720,0.186098,0.938461,7.237257
1216,33,28,residential,0.0,Res_227374,1.0,5.0,720,0.19218,1.383455,5.521123
1217,33,29,residential,0.0,Res_502967,1.0,5.0,720,0.039583,0.263694,1.490018
1218,33,30,residential,0.0,Res_182242,1.0,5.0,720,0.20518,1.250503,6.832881
1219,33,31,residential,0.0,Res_108418,1.0,5.0,720,0.1728,0.926858,4.928296
1220,33,32,residential,0.0,Res_505641,1.0,5.0,720,0.129296,3.20737,10.241891
1221,33,33,residential,0.0,Res_132505,1.0,5.0,720,0.162946,2.085416,10.13319
1222,33,34,residential,0.0,Res_188180,1.0,5.0,720,0.036789,0.18632,1.157132
1223,33,35,residential,0.0,Res_261790,1.0,5.0,720,0.251773,1.250569,5.826542
1224,34,0,residential,0.0,Res_265847,1.0,5.0,720,0.040583,0.134962,0.388051
1225,34,1,residential,0.0,Res_95956,1.0,5.0,720,0.206012,3.04712,6.087695
1226,34,2,residential,0.0,Res_309813,1.0,5.0,720,0.034298,0.106326,0.705398
1227,34,3,residential,0.0,Res_410302,1.0,5.0,720,0.035789,0.378645,3.697621
1228,34,4,residential,0.0,Res_188180,1.0,5.0,720,0.036789,0.18632,1.157132
1229,34,5,residential,0.0,Res_494220,1.0,5.0,720,0.237774,1.865911,13.977485
1230,34,6,residential,0.0,Res_369114,1.0,5.0,720,0.392071,3.136573,20.858476
1231,34,7,residential,0.0,Res_499888,1.0,5.0,720,0.071386,0.157605,1.408703
1232,34,8,residential,0.0,Res_132505,1.0,5.0,720,0.162946,2.085416,10.13319
1233,34,9,residential,0.0,Res_494220,1.0,5.0,720,0.237774,1.865911,13.977485
1234,34,10,residential,0.0,Res_449646,1.0,5.0,720,0.035789,0.265539,1.154668
1235,34,11,residential,0.0,Res_494220,1.0,5.0,720,0.237774,1.865911,13.977485
1236,34,12,residential,0.0,Res_538228,1.0,5.0,720,0.291743,2.170961,14.240562
1237,34,13,residential,0.0,Res_268794,1.0,5.0,720,0.034298,0.243303,0.782874
1238,34,14,residential,0.0,Res_95956,1.0,5.0,720,0.206012,3.04712,6.087695
1239,34,15,residential,0.0,Res_455494,1.0,5.0,720,0.237056,1.89623,6.69992
1240,34,16,residential,0.0,Res_485263,1.0,5.0,720,0.130668,0.909229,8.127046
1241,34,17,residential,0.0,Res_182242,1.0,5.0,720,0.20518,1.250503,6.832881
1242,34,18,residential,0.0,Res_95956,1.0,5.0,720,0.206012,3.04712,6.087695
1243,34,19,residential,0.0,Res_295918,1.0,5.0,720,0.159615,1.589396,4.109079
1244,34,20,residential,0.0,Res_182242,1.0,5.0,720,0.20518,1.250503,6.832881
1245,34,21,residential,0.0,Res_182242,1.0,5.0,720,0.20518,1.250503,6.832881
1246,34,22,residential,0.0,Res_182242,1.0,5.0,720,0.20518,1.250503,6.832881
1247,34,23,residential,0.0,Res_182242,1.0,5.0,720,0.20518,1.250503,6.832881
1248,34,24,residential,0.0,Res_182242,1.0,5.0,720,0.20518,1.250503,6.832881
1249,34,25,residential,0.0,Res_182242,1.0,5.0,720,0.20518,1.250503,6.832881
1250,34,26,residential,0.0,Res_95956,1.0,5.0,720,0.206012,3.04712,6.087695
1251,34,27,residential,0.0,Res_137417,1.0,5.0,720,0.432774,5.196683,12.868323
1252,34,28,residential,0.0,Res_227374,1.0,5.0,720,0.19218,1.383455,5.521123
1253,34,29,residential,0.0,Res_264699,1.0,5.0,720,0.035048,0.158604,0.70757
1254,34,30,residential,0.0,Res_494220,1.0,5.0,720,0.237774,1.865911,13.977485
1255,34,31,residential,0.0,Res_182242,1.0,5.0,720,0.20518,1.250503,6.832881
1256,34,32,residential,0.0,Res_182242,1.0,5.0,720,0.20518,1.250503,6.832881
1257,34,33,residential,0.0,Res_251238,1.0,5.0,720,0.035789,0.402109,4.169606
1258,34,34,residential,0.0,Res_369114,1.0,5.0,720,0.392071,3.136573,20.858476
1259,34,35,residential,0.0,Res_547904,1.0,5.0,720,0.035048,0.207958,0.967945
1260,35,0,residential,0.0,Res_251238,1.0,5.0,720,0.035789,0.402109,4.169606
1261,35,1,residential,0.0,Res_101193,1.0,5.0,720,0.240915,1.130487,6.616498
1262,35,2,residential,0.0,Res_230015,1.0,5.0,720,0.034298,0.124466,1.17434
1263,35,3,residential,0.0,Res_85333,1.0,5.0,720,0.445498,1.920442,13.47153
1264,35,4,residential,0.0,Res_369114,1.0,5.0,720,0.392071,3.136573,20.858476
1265,35,5,residential,0.0,Res_188180,1.0,5.0,720,0.036789,0.18632,1.157132
1266,35,6,residential,0.0,Res_547904,1.0,5.0,720,0.035048,0.207958,0.967945
1267,35,7,residential,0.0,Res_499888,1.0,5.0,720,0.071386,0.157605,1.408703
1268,35,8,residential,0.0,Res_251802,1.0,5.0,720,0.23043,2.438612,9.651761
1269,35,9,residential,0.0,Res_524639,1.0,5.0,720,0.039583,0.237678,0.475285
1270,35,10,residential,0.0,Res_547904,1.0,5.0,720,0.035048,0.207958,0.967945
1271,35,11,residential,0.0,Res_302848,1.0,5.0,720,0.241132,1.173226,10.06914
1272,35,12,residential,0.0,Res_369114,1.0,5.0,720,0.392071,3.136573,20.858476
1273,35,13,residential,0.0,Res_230015,1.0,5.0,720,0.034298,0.124466,1.17434
1274,35,14,residential,0.0,Res_547904,1.0,5.0,720,0.035048,0.207958,0.967945
1275,35,15,residential,0.0,Res_381254,1.0,5.0,720,0.268351,1.453267,6.671404
1276,35,16,residential,0.0,Res_455494,1.0,5.0,720,0.237056,1.89623,6.69992
1277,35,17,residential,0.0,Res_369114,1.0,5.0,720,0.392071,3.136573,20.858476
1278,35,18,residential,0.0,Res_85333,1.0,5.0,720,0.445498,1.920442,13.47153
1279,35,19,residential,0.0,Res_382529,1.0,5.0,720,0.035789,0.255002,1.278521
1280,35,20,residential,0.0,Res_230015,1.0,5.0,720,0.034298,0.124466,1.17434
1281,35,21,residential,0.0,Res_547904,1.0,5.0,720,0.035048,0.207958,0.967945
1282,35,22,residential,0.0,Res_230015,1.0,5.0,720,0.034298,0.124466,1.17434
1283,35,23,residential,0.0,Res_459495,1.0,5.0,720,0.034298,0.240858,2.114878
1284,35,24,residential,0.0,Res_499888,1.0,5.0,720,0.071386,0.157605,1.408703
1285,35,25,residential,0.0,Res_494220,1.0,5.0,720,0.237774,1.865911,13.977485
1286,35,26,residential,0.0,Res_85333,1.0,5.0,720,0.445498,1.920442,13.47153
1287,35,27,residential,0.0,Res_95956,1.0,5.0,720,0.206012,3.04712,6.087695
1288,35,28,residential,0.0,Res_499888,1.0,5.0,720,0.071386,0.157605,1.408703
1289,35,29,residential,0.0,Res_95956,1.0,5.0,720,0.206012,3.04712,6.087695
1290,35,30,residential,0.0,Res_188180,1.0,5.0,720,0.036789,0.18632,1.157132
1291,35,31,residential,0.0,Res_230015,1.0,5.0,720,0.034298,0.124466,1.17434
1292,35,32,residential,0.0,Res_410302,1.0,5.0,720,0.035789,0.378645,3.697621
1293,35,33,residential,0.0,Res_188180,1.0,5.0,720,0.036789,0.18632,1.157132
1294,35,34,residential,0.0,Res_95956,1.0,5.0,720,0.206012,3.04712,6.087695
1295,35,35,residential,0.0,Res_188180,1.0,5.0,720,0.036789,0.18632,1.157132
