id,row,col,alive_percent,resilience
0,0,0,96.9444,0.962726
1,0,1,96.9444,0.963992
2,0,2,82.0833,0.764232
3,0,3,98.3333,0.980797
4,0,4,66.6667,0.599453
5,0,5,89.8611,0.879311
6,0,6,59.3056,0.529889
7,0,7,89.8611,0.879311
8,0,8,98.0556,0.977523
9,0,9,45.0,0.339953
10,0,10,96.9444,0.963992
11,0,11,85.0,0.818174
12,0,12,99.0278,0.98933
13,0,13,94.3056,0.93572
14,0,14,98.3333,0.980797
15,0,15,96.9444,0.963992
16,0,16,99.0278,0.988635
17,0,17,89.5833,0.868077
18,0,18,41.3889,0.271776
19,0,19,99.0278,0.987919
20,0,20,83.1944,0.764684
21,0,21,96.9444,0.963992
22,0,22,41.8056,0.275458
23,0,23,89.8611,0.879311
24,0,24,98.0556,0.977996
25,0,25,96.9444,0.963992
26,0,26,89.8611,0.879311
27,0,27,98.3333,0.980797
28,0,28,84.7222,0.787895
29,0,29,99.0278,0.988635
30,0,30,74.8611,0.66386
31,0,31,58.4722,0.469885
32,0,32,90.8333,0.881419
33,0,33,98.3333,0.980797
34,0,34,99.0278,0.98993
35,0,35,50.9722,0.398141
36,1,0,73.3333,0.650554
37,1,1,89.8611,0.879311
38,1,2,45.9722,0.35942
39,1,3,97.3611,0.963215
40,1,4,89.8611,0.879311
41,1,5,50.9722,0.398141
42,1,6,89.8611,0.879311
43,1,7,50.9722,0.398141
44,1,8,89.8611,0.879311
45,1,9,97.5,0.972855
46,1,10,99.0278,0.98933
47,1,11,98.0556,0.977523
48,1,12,89.8611,0.879311
49,1,13,99.0278,0.989121
50,1,14,98.3333,0.980724
51,1,15,89.1667,0.867776
52,1,16,89.8611,0.879311
53,1,17,97.5,0.972855
54,1,18,99.0278,0.987919
55,1,19,89.4444,0.864816
56,1,20,41.5278,0.274411
57,1,21,82.0833,0.764232
58,1,22,57.9167,0.498797
59,1,23,65.4167,0.584744
60,1,24,43.4722,0.268687
61,1,25,89.8611,0.879311
62,1,26,77.5,0.706677
63,1,27,99.0278,0.986167
64,1,28,98.0556,0.977523
65,1,29,88.6111,0.843188
66,1,30,98.3333,0.980724
67,1,31,46.25,0.359818
68,1,32,98.0556,0.977523
69,1,33,89.8611,0.879311
70,1,34,96.9444,0.962726
71,1,35,99.0278,0.98933
72,2,0,45.0,0.339953
73,2,1,53.3333,0.455518
74,2,2,96.9444,0.962726
75,2,3,96.9444,0.963992
76,2,4,98.0556,0.977523
77,2,5,88.75,0.829189
78,2,6,98.3333,0.980724
79,2,7,62.0833,0.519296
80,2,8,88.4722,0.857485
81,2,9,98.3333,0.980797
82,2,10,98.3333,0.980797
83,2,11,99.0278,0.989183
84,2,12,89.8611,0.879311
85,2,13,44.7222,0.331445
86,2,14,98.0556,0.977523
87,2,15,99.0278,0.989417
88,2,16,97.6389,0.968814
89,2,17,89.8611,0.879311
90,2,18,65.4167,0.584744
91,2,19,99.0278,0.989417
92,2,20,99.0278,0.989417
93,2,21,99.0278,0.989417
94,2,22,46.25,0.359818
95,2,23,99.0278,0.990278
96,2,24,99.0278,0.990278
97,2,25,41.3889,0.235202
98,2,26,89.8611,0.879311
99,2,27,97.5,0.969213
100,2,28,98.3333,0.980724
101,2,29,89.8611,0.879311
102,2,30,99.0278,0.987919
103,2,31,69.3056,0.627323
104,2,32,89.4444,0.864816
105,2,33,99.0278,0.988635
106,2,34,45.0,0.339953
107,2,35,98.3333,0.980724
108,3,0,43.8889,0.346581
109,3,1,97.0833,0.960535
110,3,2,98.3333,0.980724
111,3,3,99.0278,0.988208
112,3,4,96.9444,0.963992
113,3,5,96.3889,0.949784
114,3,6,99.0278,0.98933
115,3,7,50.9722,0.398141
116,3,8,44.5833,0.309916
117,3,9,89.8611,0.879311
118,3,10,75.1389,0.694154
119,3,11,83.1944,0.764684
120,3,12,48.6111,0.364022
121,3,13,96.9444,0.963992
122,3,14,98.6111,0.982053
123,3,15,99.0278,0.990278
124,3,16,99.0278,0.990278
125,3,17,41.3889,0.249037
126,3,18,99.0278,0.990278
127,3,19,99.0278,0.990278
128,3,20,79.5833,0.739776
129,3,21,99.0278,0.990278
130,3,22,99.0278,0.990278
131,3,23,99.0278,0.989417
132,3,24,99.0278,0.990278
133,3,25,99.0278,0.989417
134,3,26,89.8611,0.879311
135,3,27,50.9722,0.398141
136,3,28,43.3333,0.301859
137,3,29,99.0278,0.98933
138,3,30,98.3333,0.980797
139,3,31,99.0278,0.990278
140,3,32,72.9167,0.672298
141,3,33,99.0278,0.990278
142,3,34,89.8611,0.879311
143,3,35,76.6667,0.684009
144,4,0,46.25,0.359818
145,4,1,99.0278,0.98993
146,4,2,98.3333,0.980724
147,4,3,87.0833,0.822763
148,4,4,96.9444,0.963992
149,4,5,53.3333,0.455518
150,4,6,89.8611,0.879311
151,4,7,89.8611,0.879311
152,4,8,50.9722,0.398141
153,4,9,99.0278,0.98933
154,4,10,89.8611,0.879311
155,4,11,96.9444,0.963992
156,4,12,69.3056,0.627323
157,4,13,97.5,0.972855
158,4,14,99.0278,0.986167
159,4,15,99.0278,0.990278
160,4,16,99.0278,0.990278
161,4,17,97.6389,0.968814
162,4,18,41.3889,0.253747
163,4,19,99.0278,0.989417
164,4,20,99.0278,0.988769
165,4,21,99.0278,0.988769
166,4,22,46.25,0.359818
167,4,23,99.0278,0.990278
168,4,24,59.3056,0.492174
169,4,25,51.6667,0.399346
170,4,26,65.4167,0.584744
171,4,27,50.9722,0.398141
172,4,28,69.1667,0.619179
173,4,29,41.3889,0.227827
174,4,30,99.0278,0.987919
175,4,31,51.1111,0.394253
176,4,32,99.0278,0.98993
177,4,33,85.4167,0.794019
178,4,34,99.0278,0.989007
179,4,35,96.9444,0.963992
180,5,0,50.9722,0.398141
181,5,1,69.3056,0.627323
182,5,2,96.8056,0.95928
183,5,3,99.0278,0.98993
184,5,4,99.0278,0.989417
185,5,5,99.0278,0.987919
186,5,6,89.8611,0.879311
187,5,7,99.0278,0.988635
188,5,8,96.9444,0.963992
189,5,9,64.3056,0.567434
190,5,10,94.3056,0.93572
191,5,11,78.8889,0.728995
192,5,12,97.3611,0.963215
193,5,13,99.0278,0.987919
194,5,14,97.5,0.972855
195,5,15,99.0278,0.990278
196,5,16,99.0278,0.989417
197,5,17,99.0278,0.990278
198,5,18,98.4722,0.981246
199,5,19,82.0833,0.764232
200,5,20,49.5833,0.377381
201,5,21,99.0278,0.990278
202,5,22,93.75,0.912477
203,5,23,99.0278,0.990278
204,5,24,52.0833,0.406283
205,5,25,43.75,0.286203
206,5,26,43.8889,0.285089
207,5,27,98.6111,0.982053
208,5,28,94.3056,0.93572
209,5,29,53.3333,0.455518
210,5,30,77.5,0.706677
211,5,31,89.8611,0.879311
212,5,32,94.3056,0.93572
213,5,33,99.0278,0.987919
214,5,34,98.6111,0.982053
215,5,35,99.0278,0.987919
216,6,0,95.9722,0.949234
217,6,1,98.1944,0.974962
218,6,2,96.5278,0.948706
219,6,3,89.4444,0.864816
220,6,4,99.0278,0.98993
221,6,5,89.8611,0.879311
222,6,6,99.0278,0.990278
223,6,7,98.4722,0.982166
224,6,8,96.3889,0.949784
225,6,9,89.8611,0.879311
226,6,10,89.8611,0.879311
227,6,11,96.9444,0.963992
228,6,12,96.9444,0.962726
229,6,13,89.8611,0.879311
230,6,14,76.6667,0.684009
231,6,15,99.0278,0.990278
232,6,16,73.8889,0.710259
233,6,17,53.3333,0.455518
234,6,18,72.9167,0.696532
235,6,19,53.3333,0.455518
236,6,20,65.6944,0.582581
237,6,21,97.6389,0.968814
238,6,22,46.25,0.359818
239,6,23,99.0278,0.990278
240,6,24,41.3889,0.253747
241,6,25,79.3056,0.726532
242,6,26,64.1667,0.554988
243,6,27,43.75,0.32477
244,6,28,99.0278,0.988032
245,6,29,89.8611,0.879311
246,6,30,90.2778,0.86775
247,6,31,98.3333,0.980797
248,6,32,86.5278,0.833774
249,6,33,98.3333,0.980797
250,6,34,89.8611,0.879311
251,6,35,72.9167,0.672298
252,7,0,53.3333,0.455518
253,7,1,96.8056,0.948922
254,7,2,41.6667,0.29482
255,7,3,96.9444,0.962726
256,7,4,96.9444,0.962726
257,7,5,96.9444,0.962726
258,7,6,96.9444,0.962726
259,7,7,96.9444,0.962726
260,7,8,94.3056,0.93572
261,7,9,89.8611,0.879311
262,7,10,99.0278,0.988779
263,7,11,99.0278,0.98993
264,7,12,99.0278,0.98933
265,7,13,99.0278,0.98993
266,7,14,96.9444,0.962726
267,7,15,53.3333,0.455518
268,7,16,99.0278,0.990278
269,7,17,46.25,0.359818
270,7,18,96.9444,0.962726
271,7,19,99.0278,0.98933
272,7,20,44.4444,0.338252
273,7,21,53.75,0.437158
274,7,22,46.25,0.359818
275,7,23,98.8889,0.984618
276,7,24,43.4722,0.292095
277,7,25,42.6389,0.287132
278,7,26,62.0833,0.532335
279,7,27,90.6944,0.878713
280,7,28,41.3889,0.23163
281,7,29,50.9722,0.398141
282,7,30,98.3333,0.980724
283,7,31,99.0278,0.989007
284,7,32,85.4167,0.794019
285,7,33,98.0556,0.977523
286,7,34,99.0278,0.989588
287,7,35,98.3333,0.980724
288,8,0,98.0556,0.977523
289,8,1,89.8611,0.879311
290,8,2,98.0556,0.977523
291,8,3,98.3333,0.980724
292,8,4,99.0278,0.98993
293,8,5,96.9444,0.962726
294,8,6,99.0278,0.989533
295,8,7,99.0278,0.98993
296,8,8,99.0278,0.98993
297,8,9,99.0278,0.98933
298,8,10,96.9444,0.962726
299,8,11,99.0278,0.98933
300,8,12,96.9444,0.962726
301,8,13,41.3889,0.227827
302,8,14,42.7778,0.287186
303,8,15,41.3889,0.22713
304,8,16,99.0278,0.98933
305,8,17,97.5,0.969213
306,8,18,97.5,0.969213
307,8,19,97.6389,0.96635
308,8,20,99.0278,0.986167
309,8,21,43.8889,0.300747
310,8,22,43.8889,0.300747
311,8,23,44.4444,0.340029
312,8,24,41.5278,0.255274
313,8,25,49.5833,0.373189
314,8,26,47.7778,0.366471
315,8,27,64.3056,0.567434
316,8,28,64.3056,0.567434
317,8,29,53.3333,0.455518
318,8,30,99.0278,0.987919
319,8,31,98.75,0.985336
320,8,32,89.8611,0.879311
321,8,33,97.5,0.972855
322,8,34,89.8611,0.879311
323,8,35,98.3333,0.980797
324,9,0,98.0556,0.977523
325,9,1,61.25,0.53356
326,9,2,89.8611,0.879311
327,9,3,89.8611,0.879311
328,9,4,96.9444,0.962726
329,9,5,69.3056,0.627323
330,9,6,96.9444,0.962726
331,9,7,96.9444,0.962726
332,9,8,58.4722,0.469885
333,9,9,99.0278,0.986167
334,9,10,96.9444,0.962726
335,9,11,96.9444,0.962726
336,9,12,96.9444,0.962726
337,9,13,96.9444,0.962726
338,9,14,76.6667,0.684009
339,9,15,45.0,0.339953
340,9,16,99.0278,0.986167
341,9,17,97.2222,0.967894
342,9,18,47.5,0.343853
343,9,19,98.4722,0.980923
344,9,20,41.3889,0.227827
345,9,21,66.6667,0.599453
346,9,22,98.8889,0.984618
347,9,23,87.7778,0.845023
348,9,24,44.4444,0.340029
349,9,25,41.3889,0.249476
350,9,26,64.3056,0.567434
351,9,27,87.7778,0.845023
352,9,28,61.9444,0.538731
353,9,29,99.0278,0.98933
354,9,30,99.0278,0.987919
355,9,31,96.9444,0.962726
356,9,32,59.3056,0.492174
357,9,33,46.25,0.359818
358,9,34,89.8611,0.879311
359,9,35,89.8611,0.879311
360,10,0,98.0556,0.977523
361,10,1,99.0278,0.98993
362,10,2,96.9444,0.962726
363,10,3,99.0278,0.98993
364,10,4,99.0278,0.98933
365,10,5,96.9444,0.962726
366,10,6,99.0278,0.98993
367,10,7,96.9444,0.962726
368,10,8,96.9444,0.962726
369,10,9,99.0278,0.98993
370,10,10,69.3056,0.627323
371,10,11,41.5278,0.26312
372,10,12,99.0278,0.98993
373,10,13,79.7222,0.727316
374,10,14,99.0278,0.98993
375,10,15,99.0278,0.98993
376,10,16,97.5,0.966321
377,10,17,99.0278,0.98933
378,10,18,93.3333,0.903247
379,10,19,97.3611,0.963215
380,10,20,96.9444,0.962726
381,10,21,95.4167,0.93828
382,10,22,46.6667,0.367708
383,10,23,64.1667,0.554988
384,10,24,41.3889,0.250609
385,10,25,99.0278,0.988021
386,10,26,46.6667,0.364214
387,10,27,41.3889,0.238518
388,10,28,46.6667,0.364214
389,10,29,99.0278,0.98933
390,10,30,98.3333,0.980724
391,10,31,69.1667,0.619179
392,10,32,89.8611,0.879311
393,10,33,99.0278,0.988769
394,10,34,98.0556,0.977523
395,10,35,98.3333,0.980797
396,11,0,99.0278,0.987919
397,11,1,99.0278,0.98993
398,11,2,99.0278,0.98993
399,11,3,99.0278,0.98993
400,11,4,99.0278,0.98993
401,11,5,58.4722,0.469885
402,11,6,99.0278,0.986167
403,11,7,96.9444,0.962726
404,11,8,67.5,0.595971
405,11,9,45.0,0.339953
406,11,10,99.0278,0.98993
407,11,11,52.7778,0.448929
408,11,12,99.0278,0.98933
409,11,13,99.0278,0.98993
410,11,14,99.0278,0.98993
411,11,15,99.0278,0.98933
412,11,16,99.0278,0.98933
413,11,17,99.0278,0.98933
414,11,18,97.5,0.969213
415,11,19,99.0278,0.98933
416,11,20,99.0278,0.98933
417,11,21,44.4444,0.338252
418,11,22,47.7778,0.366471
419,11,23,81.5278,0.78088
420,11,24,84.7222,0.787895
421,11,25,98.4722,0.978782
422,11,26,98.0556,0.976969
423,11,27,98.8889,0.984739
424,11,28,89.8611,0.879311
425,11,29,77.5,0.706677
426,11,30,93.75,0.912477
427,11,31,50.9722,0.398141
428,11,32,89.8611,0.879311
429,11,33,96.9444,0.963992
430,11,34,97.5,0.972855
431,11,35,89.8611,0.879311
432,12,0,69.3056,0.627323
433,12,1,99.0278,0.98933
434,12,2,99.0278,0.98993
435,12,3,99.0278,0.98993
436,12,4,96.9444,0.962726
437,12,5,99.0278,0.98993
438,12,6,99.0278,0.98993
439,12,7,96.9444,0.962726
440,12,8,96.9444,0.962726
441,12,9,99.0278,0.98933
442,12,10,99.0278,0.98933
443,12,11,88.75,0.829189
444,12,12,58.4722,0.469885
445,12,13,99.0278,0.98933
446,12,14,45.0,0.339953
447,12,15,69.3056,0.627323
448,12,16,52.7778,0.448929
449,12,17,99.0278,0.98933
450,12,18,99.0278,0.98933
451,12,19,97.5,0.969213
452,12,20,98.6111,0.982053
453,12,21,41.5278,0.281639
454,12,22,60.9722,0.519382
455,12,23,98.8889,0.984739
456,12,24,43.8889,0.300747
457,12,25,86.5278,0.833774
458,12,26,98.8889,0.984739
459,12,27,55.4167,0.448714
460,12,28,99.0278,0.990278
461,12,29,89.8611,0.879311
462,12,30,97.6389,0.968814
463,12,31,98.3333,0.980797
464,12,32,50.9722,0.398141
465,12,33,98.3333,0.980724
466,12,34,98.1944,0.974962
467,12,35,74.5833,0.65872
468,13,0,99.0278,0.989032
469,13,1,45.0,0.339953
470,13,2,99.0278,0.98993
471,13,3,99.0278,0.98993
472,13,4,99.0278,0.98933
473,13,5,99.0278,0.98993
474,13,6,72.9167,0.672298
475,13,7,99.0278,0.98933
476,13,8,99.0278,0.98993
477,13,9,99.0278,0.98993
478,13,10,99.0278,0.98993
479,13,11,98.3333,0.980797
480,13,12,45.9722,0.35942
481,13,13,42.7778,0.287186
482,13,14,97.5,0.969213
483,13,15,74.7222,0.679908
484,13,16,98.75,0.985622
485,13,17,99.0278,0.987919
486,13,18,96.9444,0.963992
487,13,19,99.0278,0.988779
488,13,20,96.9444,0.963992
489,13,21,99.0278,0.989949
490,13,22,99.0278,0.988317
491,13,23,97.5,0.972855
492,13,24,73.4722,0.655322
493,13,25,55.4167,0.445781
494,13,26,99.0278,0.98993
495,13,27,89.8611,0.879311
496,13,28,97.5,0.972855
497,13,29,89.8611,0.879311
498,13,30,53.3333,0.455518
499,13,31,92.0833,0.895221
500,13,32,89.8611,0.879311
501,13,33,89.8611,0.879311
502,13,34,62.0833,0.519296
503,13,35,99.0278,0.98933
504,14,0,61.25,0.53356
505,14,1,77.5,0.706677
506,14,2,98.3333,0.980797
507,14,3,86.5278,0.833774
508,14,4,46.25,0.359818
509,14,5,86.5278,0.833774
510,14,6,98.0556,0.977523
511,14,7,99.0278,0.988779
512,14,8,89.8611,0.879311
513,14,9,99.0278,0.98933
514,14,10,98.3333,0.980797
515,14,11,97.6389,0.973496
516,14,12,94.5833,0.938627
517,14,13,96.9444,0.963992
518,14,14,99.0278,0.988779
519,14,15,96.9444,0.963992
520,14,16,96.9444,0.963992
521,14,17,96.9444,0.963992
522,14,18,96.9444,0.963992
523,14,19,42.3611,0.290964
524,14,20,96.9444,0.963992
525,14,21,96.9444,0.963992
526,14,22,82.2222,0.759913
527,14,23,43.75,0.306213
528,14,24,99.0278,0.988235
529,14,25,60.5556,0.502016
530,14,26,46.8056,0.355832
531,14,27,89.8611,0.879311
532,14,28,98.0556,0.977523
533,14,29,89.8611,0.879311
534,14,30,99.0278,0.987919
535,14,31,99.0278,0.988779
536,14,32,94.3056,0.93572
537,14,33,47.7778,0.366471
538,14,34,98.0556,0.977523
539,14,35,89.8611,0.879311
540,15,0,99.0278,0.988779
541,15,1,98.0556,0.977523
542,15,2,98.3333,0.980797
543,15,3,99.0278,0.98993
544,15,4,99.0278,0.988905
545,15,5,89.8611,0.879311
546,15,6,94.3056,0.93572
547,15,7,89.8611,0.879311
548,15,8,89.4444,0.864816
549,15,9,99.0278,0.988905
550,15,10,96.5278,0.952669
551,15,11,99.0278,0.989007
552,15,12,99.0278,0.989007
553,15,13,96.9444,0.963992
554,15,14,99.0278,0.987919
555,15,15,98.6111,0.982053
556,15,16,96.9444,0.963992
557,15,17,45.0,0.349446
558,15,18,96.9444,0.963992
559,15,19,96.9444,0.963992
560,15,20,99.0278,0.988779
561,15,21,99.0278,0.989949
562,15,22,86.5278,0.833774
563,15,23,98.8889,0.984739
564,15,24,60.9722,0.519382
565,15,25,45.2778,0.329239
566,15,26,46.6667,0.364214
567,15,27,69.7222,0.605296
568,15,28,49.7222,0.403786
569,15,29,89.8611,0.879311
570,15,30,99.0278,0.98933
571,15,31,89.8611,0.879311
572,15,32,89.8611,0.879311
573,15,33,98.6111,0.982053
574,15,34,50.9722,0.398141
575,15,35,50.9722,0.398141
576,16,0,99.0278,0.987919
577,16,1,89.8611,0.879311
578,16,2,89.4444,0.864816
579,16,3,89.8611,0.879311
580,16,4,89.8611,0.879311
581,16,5,94.3056,0.93572
582,16,6,94.3056,0.93572
583,16,7,74.8611,0.66386
584,16,8,41.3889,0.267922
585,16,9,89.4444,0.864816
586,16,10,96.5278,0.952669
587,16,11,99.0278,0.989497
588,16,12,97.0833,0.966128
589,16,13,96.5278,0.952669
590,16,14,96.9444,0.963992
591,16,15,89.5833,0.868077
592,16,16,99.0278,0.989007
593,16,17,99.0278,0.988779
594,16,18,99.0278,0.987919
595,16,19,96.9444,0.963992
596,16,20,96.9444,0.963992
597,16,21,81.5278,0.78088
598,16,22,47.7778,0.366471
599,16,23,98.8889,0.984739
600,16,24,99.0278,0.989949
601,16,25,70.9722,0.6151
602,16,26,97.5,0.972855
603,16,27,50.0,0.387617
604,16,28,98.8889,0.984739
605,16,29,98.3333,0.980724
606,16,30,99.0278,0.990278
607,16,31,44.4444,0.292415
608,16,32,99.0278,0.989172
609,16,33,99.0278,0.98993
610,16,34,79.5833,0.730259
611,16,35,45.0,0.339953
612,17,0,45.9722,0.357938
613,17,1,94.3056,0.93572
614,17,2,94.3056,0.93572
615,17,3,89.8611,0.879311
616,17,4,89.8611,0.879311
617,17,5,89.4444,0.864816
618,17,6,89.8611,0.879311
619,17,7,99.0278,0.988905
620,17,8,99.0278,0.989007
621,17,9,94.3056,0.93572
622,17,10,89.8611,0.879311
623,17,11,82.5,0.786533
624,17,12,74.3056,0.706459
625,17,13,94.3056,0.93572
626,17,14,92.9167,0.915773
627,17,15,89.8611,0.879311
628,17,16,99.0278,0.988905
629,17,17,96.9444,0.963992
630,17,18,96.9444,0.963992
631,17,19,96.9444,0.963992
632,17,20,96.9444,0.963992
633,17,21,41.6667,0.283501
634,17,22,97.5,0.972855
635,17,23,99.0278,0.989949
636,17,24,99.0278,0.989375
637,17,25,97.5,0.972855
638,17,26,97.5,0.972855
639,17,27,97.5,0.972855
640,17,28,88.4722,0.857485
641,17,29,65.4167,0.584744
642,17,30,50.9722,0.398141
643,17,31,99.0278,0.987919
644,17,32,74.3056,0.706459
645,17,33,52.7778,0.448929
646,17,34,98.0556,0.977523
647,17,35,96.9444,0.963992
648,18,0,99.0278,0.98903
649,18,1,89.4444,0.864816
650,18,2,89.8611,0.879311
651,18,3,89.8611,0.879311
652,18,4,89.8611,0.879311
653,18,5,89.8611,0.879311
654,18,6,89.4444,0.864816
655,18,7,89.8611,0.879311
656,18,8,93.3333,0.909433
657,18,9,89.8611,0.879311
658,18,10,99.0278,0.989007
659,18,11,96.5278,0.952669
660,18,12,89.8611,0.879311
661,18,13,89.8611,0.879311
662,18,14,89.8611,0.879311
663,18,15,94.3056,0.93572
664,18,16,89.8611,0.879311
665,18,17,99.0278,0.988779
666,18,18,96.9444,0.963992
667,18,19,93.4722,0.914839
668,18,20,96.9444,0.963992
669,18,21,99.0278,0.989192
670,18,22,97.5,0.972855
671,18,23,97.5,0.972855
672,18,24,98.3333,0.979713
673,18,25,46.6667,0.364214
674,18,26,97.5,0.972855
675,18,27,46.6667,0.364214
676,18,28,99.0278,0.989949
677,18,29,89.8611,0.879311
678,18,30,89.8611,0.879311
679,18,31,45.0,0.32284
680,18,32,89.8611,0.879311
681,18,33,59.3056,0.492174
682,18,34,96.5278,0.952669
683,18,35,50.9722,0.398141
684,19,0,94.3056,0.93572
685,19,1,89.8611,0.879311
686,19,2,89.8611,0.879311
687,19,3,99.0278,0.988905
688,19,4,89.8611,0.879311
689,19,5,89.8611,0.879311
690,19,6,89.8611,0.879311
691,19,7,89.8611,0.879311
692,19,8,89.8611,0.879311
693,19,9,89.8611,0.879311
694,19,10,89.8611,0.879311
695,19,11,99.0278,0.988905
696,19,12,89.8611,0.879311
697,19,13,89.8611,0.879311
698,19,14,89.8611,0.879311
699,19,15,89.5833,0.868077
700,19,16,96.9444,0.963992
701,19,17,99.0278,0.987919
702,19,18,99.0278,0.987919
703,19,19,99.0278,0.988779
704,19,20,96.9444,0.963992
705,19,21,66.6667,0.599453
706,19,22,96.3889,0.949784
707,19,23,99.0278,0.989949
708,19,24,86.5278,0.833774
709,19,25,97.9167,0.976742
710,19,26,99.0278,0.989121
711,19,27,97.5,0.972855
712,19,28,67.2222,0.603414
713,19,29,45.0,0.321601
714,19,30,99.0278,0.98933
715,19,31,99.0278,0.990278
716,19,32,89.8611,0.879311
717,19,33,94.3056,0.93572
718,19,34,77.5,0.706677
719,19,35,99.0278,0.987919
720,20,0,69.1667,0.619179
721,20,1,94.3056,0.93572
722,20,2,89.8611,0.879311
723,20,3,89.8611,0.879311
724,20,4,89.8611,0.879311
725,20,5,89.8611,0.879311
726,20,6,89.8611,0.879311
727,20,7,89.8611,0.879311
728,20,8,89.8611,0.879311
729,20,9,89.8611,0.879311
730,20,10,89.8611,0.879311
731,20,11,94.3056,0.93572
732,20,12,89.4444,0.864816
733,20,13,89.8611,0.879311
734,20,14,89.8611,0.879311
735,20,15,89.4444,0.864816
736,20,16,96.9444,0.963992
737,20,17,99.0278,0.987919
738,20,18,96.9444,0.963992
739,20,19,99.0278,0.988032
740,20,20,45.9722,0.357938
741,20,21,98.8889,0.984618
742,20,22,99.0278,0.989121
743,20,23,97.5,0.972855
744,20,24,97.5,0.972855
745,20,25,98.3333,0.979713
746,20,26,99.0278,0.989121
747,20,27,73.75,0.656879
748,20,28,54.7222,0.448924
749,20,29,41.5278,0.265562
750,20,30,96.9444,0.962726
751,20,31,98.0556,0.977523
752,20,32,89.8611,0.879311
753,20,33,97.0833,0.960535
754,20,34,50.9722,0.398141
755,20,35,89.4444,0.864816
756,21,0,97.5,0.966321
757,21,1,89.8611,0.879311
758,21,2,89.8611,0.879311
759,21,3,74.8611,0.66386
760,21,4,89.8611,0.879311
761,21,5,89.8611,0.879311
762,21,6,89.8611,0.879311
763,21,7,89.8611,0.879311
764,21,8,99.0278,0.988905
765,21,9,89.8611,0.879311
766,21,10,89.8611,0.879311
767,21,11,85.4167,0.794019
768,21,12,94.3056,0.93572
769,21,13,89.8611,0.879311
770,21,14,85.4167,0.794019
771,21,15,89.8611,0.879311
772,21,16,45.9722,0.357938
773,21,17,99.0278,0.987919
774,21,18,99.0278,0.987919
775,21,19,96.9444,0.963992
776,21,20,96.9444,0.963992
777,21,21,52.0833,0.434338
778,21,22,99.0278,0.988779
779,21,23,99.0278,0.988779
780,21,24,99.0278,0.987919
781,21,25,48.6111,0.376608
782,21,26,49.3056,0.385378
783,21,27,99.0278,0.98933
784,21,28,41.6667,0.261535
785,21,29,66.9444,0.583783
786,21,30,99.0278,0.987919
787,21,31,89.8611,0.879311
788,21,32,89.8611,0.879311
789,21,33,90.8333,0.881419
790,21,34,96.9444,0.962726
791,21,35,50.9722,0.398141
792,22,0,99.0278,0.98933
793,22,1,89.8611,0.879311
794,22,2,89.8611,0.879311
795,22,3,89.8611,0.879311
796,22,4,89.8611,0.879311
797,22,5,89.8611,0.879311
798,22,6,89.8611,0.879311
799,22,7,89.8611,0.879311
800,22,8,89.4444,0.864816
801,22,9,85.4167,0.794019
802,22,10,94.3056,0.93572
803,22,11,89.8611,0.879311
804,22,12,98.3333,0.980724
805,22,13,98.3333,0.980797
806,22,14,98.3333,0.980724
807,22,15,99.0278,0.988779
808,22,16,99.0278,0.98933
809,22,17,99.0278,0.987919
810,22,18,82.3611,0.775973
811,22,19,99.0278,0.987919
812,22,20,96.9444,0.963992
813,22,21,99.0278,0.988779
814,22,22,99.0278,0.987919
815,22,23,99.0278,0.987919
816,22,24,99.0278,0.989032
817,22,25,50.4167,0.386091
818,22,26,87.0833,0.818038
819,22,27,88.1944,0.832522
820,22,28,88.1944,0.832522
821,22,29,88.1944,0.832522
822,22,30,41.3889,0.227827
823,22,31,96.9444,0.962726
824,22,32,98.0556,0.977523
825,22,33,99.0278,0.987919
826,22,34,98.3333,0.980797
827,22,35,98.3333,0.980797
828,23,0,98.3333,0.980797
829,23,1,82.5,0.786533
830,23,2,99.0278,0.988905
831,23,3,89.8611,0.879311
832,23,4,89.8611,0.879311
833,23,5,98.3333,0.980724
834,23,6,98.3333,0.980724
835,23,7,89.8611,0.879311
836,23,8,98.3333,0.980797
837,23,9,89.4444,0.864816
838,23,10,98.3333,0.980797
839,23,11,98.3333,0.980797
840,23,12,99.0278,0.989115
841,23,13,98.3333,0.980724
842,23,14,98.3333,0.980724
843,23,15,99.0278,0.98993
844,23,16,99.0278,0.988032
845,23,17,45.9722,0.357938
846,23,18,99.0278,0.988779
847,23,19,99.0278,0.988779
848,23,20,56.1111,0.448384
849,23,21,99.0278,0.987919
850,23,22,99.0278,0.987919
851,23,23,59.3056,0.529889
852,23,24,89.7222,0.853262
853,23,25,87.0833,0.822763
854,23,26,92.6389,0.891426
855,23,27,88.1944,0.832522
856,23,28,71.8056,0.633373
857,23,29,41.5278,0.265562
858,23,30,50.9722,0.398141
859,23,31,94.3056,0.93572
860,23,32,97.0833,0.960535
861,23,33,98.0556,0.977523
862,23,34,74.8611,0.66386
863,23,35,99.0278,0.990278
864,24,0,99.0278,0.98993
865,24,1,69.1667,0.617434
866,24,2,89.8611,0.879311
867,24,3,89.8611,0.879311
868,24,4,98.3333,0.980724
869,24,5,98.3333,0.980724
870,24,6,98.3333,0.980797
871,24,7,98.3333,0.980797
872,24,8,98.3333,0.980724
873,24,9,98.3333,0.980724
874,24,10,98.3333,0.980797
875,24,11,98.3333,0.980797
876,24,12,98.3333,0.980724
877,24,13,98.3333,0.980724
878,24,14,98.3333,0.980724
879,24,15,96.9444,0.963992
880,24,16,99.0278,0.98993
881,24,17,99.0278,0.989115
882,24,18,79.7222,0.725437
883,24,19,98.3333,0.980797
884,24,20,99.0278,0.989942
885,24,21,99.0278,0.987919
886,24,22,44.7222,0.331445
887,24,23,99.0278,0.988779
888,24,24,90.9722,0.864381
889,24,25,54.7222,0.448924
890,24,26,50.9722,0.398141
891,24,27,99.0278,0.989183
892,24,28,50.9722,0.398141
893,24,29,73.75,0.656879
894,24,30,64.4444,0.554264
895,24,31,98.1944,0.974688
896,24,32,98.3333,0.980724
897,24,33,89.8611,0.879311
898,24,34,97.3611,0.969214
899,24,35,96.8056,0.959757
900,25,0,89.8611,0.879311
901,25,1,99.0278,0.988905
902,25,2,89.8611,0.879311
903,25,3,89.8611,0.879311
904,25,4,89.8611,0.879311
905,25,5,98.3333,0.980724
906,25,6,98.3333,0.980724
907,25,7,98.3333,0.980724
908,25,8,98.3333,0.980724
909,25,9,98.3333,0.980797
910,25,10,90.8333,0.881419
911,25,11,98.3333,0.980724
912,25,12,98.4722,0.982166
913,25,13,98.3333,0.980724
914,25,14,98.3333,0.980724
915,25,15,98.3333,0.980724
916,25,16,98.3333,0.980724
917,25,17,98.3333,0.980797
918,25,18,98.3333,0.980797
919,25,19,98.3333,0.980797
920,25,20,99.0278,0.988779
921,25,21,59.3056,0.529889
922,25,22,99.0278,0.987919
923,25,23,98.1944,0.974688
924,25,24,96.3889,0.948316
925,25,25,50.9722,0.398141
926,25,26,73.3333,0.650554
927,25,27,88.6111,0.843188
928,25,28,98.0556,0.977523
929,25,29,61.25,0.53356
930,25,30,73.75,0.700935
931,25,31,72.9167,0.672298
932,25,32,99.0278,0.987919
933,25,33,89.1667,0.867776
934,25,34,99.0278,0.98993
935,25,35,99.0278,0.990278
936,26,0,89.8611,0.879311
937,26,1,99.0278,0.98993
938,26,2,50.9722,0.398141
939,26,3,98.3333,0.980724
940,26,4,89.8611,0.879311
941,26,5,90.8333,0.881419
942,26,6,98.3333,0.980724
943,26,7,98.3333,0.980797
944,26,8,99.0278,0.989949
945,26,9,98.3333,0.980724
946,26,10,83.1944,0.764684
947,26,11,98.3333,0.980724
948,26,12,98.3333,0.980797
949,26,13,98.3333,0.980797
950,26,14,90.8333,0.881419
951,26,15,79.7222,0.725437
952,26,16,97.0833,0.960535
953,26,17,98.3333,0.980724
954,26,18,98.3333,0.980724
955,26,19,98.3333,0.980797
956,26,20,99.0278,0.987919
957,26,21,98.4722,0.982802
958,26,22,59.3056,0.529889
959,26,23,98.0556,0.977523
960,26,24,50.9722,0.398141
961,26,25,98.0556,0.977523
962,26,26,98.0556,0.977523
963,26,27,50.9722,0.398141
964,26,28,97.7778,0.973495
965,26,29,49.3056,0.423142
966,26,30,61.25,0.53356
967,26,31,98.0556,0.977523
968,26,32,97.5,0.969213
969,26,33,89.8611,0.879311
970,26,34,98.3333,0.980797
971,26,35,99.0278,0.98933
972,27,0,59.3056,0.529889
973,27,1,89.1667,0.867776
974,27,2,96.5278,0.952669
975,27,3,50.9722,0.398141
976,27,4,99.0278,0.989417
977,27,5,86.5278,0.833774
978,27,6,45.0,0.349446
979,27,7,99.0278,0.98933
980,27,8,89.8611,0.879311
981,27,9,90.8333,0.881419
982,27,10,98.3333,0.980724
983,27,11,90.8333,0.881419
984,27,12,98.3333,0.980797
985,27,13,98.3333,0.980797
986,27,14,98.3333,0.980797
987,27,15,98.3333,0.980797
988,27,16,90.8333,0.881419
989,27,17,98.3333,0.980797
990,27,18,98.3333,0.980724
991,27,19,97.7778,0.973495
992,27,20,98.0556,0.977523
993,27,21,89.1667,0.867776
994,27,22,98.0556,0.977523
995,27,23,98.0556,0.977523
996,27,24,98.0556,0.977523
997,27,25,98.0556,0.977523
998,27,26,61.25,0.53356
999,27,27,98.0556,0.977996
1000,27,28,50.9722,0.398141
1001,27,29,89.1667,0.867776
1002,27,30,62.0833,0.519296
1003,27,31,59.8611,0.495014
1004,27,32,69.1667,0.619179
1005,27,33,99.0278,0.988779
1006,27,34,96.9444,0.963992
1007,27,35,99.0278,0.987919
1008,28,0,89.4444,0.864816
1009,28,1,89.8611,0.879311
1010,28,2,53.3333,0.455518
1011,28,3,99.0278,0.98933
1012,28,4,99.0278,0.988032
1013,28,5,99.0278,0.989032
1014,28,6,75.1389,0.694154
1015,28,7,89.8611,0.879311
1016,28,8,53.3333,0.455518
1017,28,9,98.3333,0.980797
1018,28,10,98.3333,0.980797
1019,28,11,98.3333,0.980724
1020,28,12,98.4722,0.982166
1021,28,13,98.3333,0.980797
1022,28,14,98.3333,0.980724
1023,28,15,95.9722,0.949234
1024,28,16,98.3333,0.980797
1025,28,17,98.3333,0.980797
1026,28,18,93.75,0.913089
1027,28,19,89.1667,0.867776
1028,28,20,98.0556,0.977523
1029,28,21,98.0556,0.977523
1030,28,22,99.0278,0.988635
1031,28,23,98.0556,0.977523
1032,28,24,50.9722,0.398141
1033,28,25,50.1389,0.370024
1034,28,26,91.1111,0.874296
1035,28,27,98.0556,0.977523
1036,28,28,50.9722,0.398141
1037,28,29,98.0556,0.977523
1038,28,30,64.4444,0.554264
1039,28,31,98.3333,0.980724
1040,28,32,99.0278,0.990278
1041,28,33,96.9444,0.963992
1042,28,34,97.5,0.972855
1043,28,35,99.0278,0.987919
1044,29,0,90.8333,0.881419
1045,29,1,89.8611,0.879311
1046,29,2,96.9444,0.963992
1047,29,3,99.0278,0.987919
1048,29,4,99.0278,0.987919
1049,29,5,77.5,0.706677
1050,29,6,89.8611,0.879311
1051,29,7,89.4444,0.864816
1052,29,8,98.3333,0.980797
1053,29,9,98.3333,0.980797
1054,29,10,98.3333,0.980797
1055,29,11,47.3611,0.351286
1056,29,12,64.8611,0.56575
1057,29,13,98.3333,0.980797
1058,29,14,84.7222,0.787895
1059,29,15,93.75,0.913089
1060,29,16,98.3333,0.980724
1061,29,17,98.3333,0.980797
1062,29,18,98.75,0.985336
1063,29,19,50.9722,0.398141
1064,29,20,99.0278,0.988635
1065,29,21,98.0556,0.977523
1066,29,22,89.1667,0.867776
1067,29,23,98.0556,0.977523
1068,29,24,98.0556,0.977523
1069,29,25,98.0556,0.977523
1070,29,26,97.7778,0.973495
1071,29,27,66.9444,0.583783
1072,29,28,49.5833,0.376244
1073,29,29,96.6667,0.952038
1074,29,30,87.0833,0.818038
1075,29,31,86.5278,0.833774
1076,29,32,89.8611,0.879311
1077,29,33,98.4722,0.982802
1078,29,34,99.0278,0.98993
1079,29,35,99.0278,0.989007
1080,30,0,65.6944,0.582581
1081,30,1,99.0278,0.989032
1082,30,2,96.9444,0.962726
1083,30,3,70.1389,0.620954
1084,30,4,89.8611,0.879311
1085,30,5,98.3333,0.980724
1086,30,6,98.3333,0.980724
1087,30,7,44.7222,0.317778
1088,30,8,58.4722,0.469885
1089,30,9,98.3333,0.980797
1090,30,10,98.3333,0.980724
1091,30,11,98.3333,0.980797
1092,30,12,98.3333,0.980724
1093,30,13,98.3333,0.980797
1094,30,14,98.3333,0.980724
1095,30,15,98.3333,0.980724
1096,30,16,98.3333,0.980724
1097,30,17,50.9722,0.398141
1098,30,18,50.9722,0.398141
1099,30,19,50.9722,0.398141
1100,30,20,98.0556,0.977523
1101,30,21,61.25,0.53356
1102,30,22,98.0556,0.977523
1103,30,23,98.0556,0.977523
1104,30,24,60.6944,0.520199
1105,30,25,98.0556,0.977996
1106,30,26,98.0556,0.977523
1107,30,27,98.0556,0.977523
1108,30,28,64.4444,0.554264
1109,30,29,97.3611,0.963215
1110,30,30,86.5278,0.833774
1111,30,31,97.5,0.972855
1112,30,32,89.8611,0.879311
1113,30,33,89.8611,0.879311
1114,30,34,45.0,0.339953
1115,30,35,98.0556,0.977523
1116,31,0,98.3333,0.980797
1117,31,1,98.3333,0.980797
1118,31,2,98.0556,0.977523
1119,31,3,99.0278,0.988032
1120,31,4,98.3333,0.980797
1121,31,5,90.8333,0.881419
1122,31,6,96.9444,0.963992
1123,31,7,58.4722,0.469885
1124,31,8,99.0278,0.990278
1125,31,9,98.3333,0.980724
1126,31,10,98.3333,0.980724
1127,31,11,90.8333,0.881419
1128,31,12,65.2778,0.562116
1129,31,13,90.8333,0.881419
1130,31,14,98.3333,0.980724
1131,31,15,98.3333,0.980724
1132,31,16,98.3333,0.980724
1133,31,17,50.9722,0.398141
1134,31,18,99.0278,0.989183
1135,31,19,98.0556,0.977523
1136,31,20,50.9722,0.398141
1137,31,21,97.3611,0.967843
1138,31,22,77.5,0.706677
1139,31,23,98.0556,0.977996
1140,31,24,98.0556,0.977523
1141,31,25,98.0556,0.977523
1142,31,26,50.9722,0.398141
1143,31,27,98.0556,0.977523
1144,31,28,73.75,0.700935
1145,31,29,50.4167,0.386091
1146,31,30,97.5,0.972855
1147,31,31,99.0278,0.98933
1148,31,32,98.3333,0.980797
1149,31,33,89.8611,0.879311
1150,31,34,97.3611,0.963215
1151,31,35,99.0278,0.98993
1152,32,0,97.5,0.972855
1153,32,1,99.0278,0.988905
1154,32,2,89.8611,0.879311
1155,32,3,64.3056,0.567434
1156,32,4,98.3333,0.980724
1157,32,5,89.8611,0.879311
1158,32,6,98.3333,0.980797
1159,32,7,99.0278,0.987919
1160,32,8,96.9444,0.962726
1161,32,9,89.8611,0.879311
1162,32,10,98.0556,0.977523
1163,32,11,89.8611,0.879311
1164,32,12,43.75,0.301771
1165,32,13,99.0278,0.98933
1166,32,14,99.0278,0.988779
1167,32,15,98.3333,0.980797
1168,32,16,75.0,0.672317
1169,32,17,50.9722,0.398141
1170,32,18,98.0556,0.977523
1171,32,19,50.9722,0.398141
1172,32,20,99.0278,0.987919
1173,32,21,98.0556,0.977523
1174,32,22,50.9722,0.398141
1175,32,23,98.0556,0.977523
1176,32,24,98.0556,0.977523
1177,32,25,98.0556,0.977523
1178,32,26,61.25,0.53356
1179,32,27,50.2778,0.377007
1180,32,28,98.0556,0.977996
1181,32,29,99.0278,0.989942
1182,32,30,99.0278,0.98933
1183,32,31,93.3333,0.909433
1184,32,32,98.3333,0.980797
1185,32,33,45.0,0.339953
1186,32,34,98.3333,0.980797
1187,32,35,89.8611,0.879311
1188,33,0,98.0556,0.977523
1189,33,1,89.8611,0.879311
1190,33,2,99.0278,0.990278
1191,33,3,99.0278,0.98933
1192,33,4,98.3333,0.980724
1193,33,5,85.4167,0.794019
1194,33,6,98.3333,0.980797
1195,33,7,43.0556,0.284506
1196,33,8,98.0556,0.977996
1197,33,9,44.8611,0.303935
1198,33,10,89.8611,0.879311
1199,33,11,86.3889,0.826562
1200,33,12,98.3333,0.980797
1201,33,13,89.8611,0.879311
1202,33,14,99.0278,0.988779
1203,33,15,62.0833,0.519296
1204,33,16,98.0556,0.977523
1205,33,17,50.9722,0.398141
1206,33,18,50.9722,0.398141
1207,33,19,69.1667,0.619179
1208,33,20,98.0556,0.977523
1209,33,21,50.9722,0.398141
1210,33,22,98.0556,0.977523
1211,33,23,89.1667,0.867776
1212,33,24,50.9722,0.398141
1213,33,25,50.9722,0.398141
1214,33,26,98.0556,0.977523
1215,33,27,99.0278,0.989415
1216,33,28,84.7222,0.807377
1217,33,29,99.0278,0.987919
1218,33,30,93.75,0.912477
1219,33,31,99.0278,0.988208
1220,33,32,99.0278,0.990278
1221,33,33,99.0278,0.98933
1222,33,34,98.0556,0.977523
1223,33,35,99.0278,0.988779
1224,34,0,98.3333,0.980724
1225,34,1,50.9722,0.398141
1226,34,2,99.0278,0.98993
1227,34,3,99.0278,0.988779
1228,34,4,99.0278,0.989007
1229,34,5,89.8611,0.879311
1230,34,6,93.4722,0.914839
1231,34,7,99.0278,0.987919
1232,34,8,99.0278,0.98933
1233,34,9,99.0278,0.98993
1234,34,10,99.0278,0.987919
1235,34,11,89.8611,0.879311
1236,34,12,89.8611,0.879311
1237,34,13,69.1667,0.619179
1238,34,14,98.0556,0.977523
1239,34,15,50.9722,0.398141
1240,34,16,98.0556,0.977523
1241,34,17,98.0556,0.977523
1242,34,18,50.9722,0.398141
1243,34,19,98.0556,0.977523
1244,34,20,99.0278,0.989415
1245,34,21,98.0556,0.977523
1246,34,22,98.0556,0.977523
1247,34,23,50.9722,0.398141
1248,34,24,98.0556,0.977523
1249,34,25,50.9722,0.398141
1250,34,26,50.9722,0.398141
1251,34,27,64.4444,0.554264
1252,34,28,84.7222,0.807377
1253,34,29,89.8611,0.879311
1254,34,30,89.8611,0.879311
1255,34,31,99.0278,0.98933
1256,34,32,89.8611,0.879311
1257,34,33,99.0278,0.987919
1258,34,34,99.0278,0.989007
1259,34,35,99.0278,0.987919
1260,35,0,50.9722,0.398141
1261,35,1,99.0278,0.98933
1262,35,2,98.4722,0.982802
1263,35,3,96.5278,0.952669
1264,35,4,50.9722,0.398141
1265,35,5,76.6667,0.684009
1266,35,6,99.0278,0.98993
1267,35,7,98.3333,0.980724
1268,35,8,98.0556,0.977523
1269,35,9,98.3333,0.980724
1270,35,10,89.8611,0.879311
1271,35,11,99.0278,0.987919
1272,35,12,98.3333,0.980797
1273,35,13,97.0833,0.960535
1274,35,14,94.3056,0.93572
1275,35,15,98.3333,0.980797
1276,35,16,50.9722,0.398141
1277,35,17,99.0278,0.989115
1278,35,18,99.0278,0.98933
1279,35,19,65.2778,0.562116
1280,35,20,46.3889,0.35819
1281,35,21,97.5,0.972855
1282,35,22,93.75,0.912477
1283,35,23,96.9444,0.962726
1284,35,24,99.0278,0.990278
1285,35,25,90.8333,0.881419
1286,35,26,83.1944,0.764684
1287,35,27,99.0278,0.989007
1288,35,28,98.3333,0.980724
1289,35,29,82.0833,0.764232
1290,35,30,53.3333,0.455518
1291,35,31,69.1667,0.617434
1292,35,32,65.2778,0.562116
1293,35,33,99.0278,0.987919
1294,35,34,76.6667,0.684009
1295,35,35,98.0556,0.977523
