hour,time,alive_percent,q_t,resilience
1,2025-01-01 00:00,0.0,0.0,0.0
2,2025-01-01 01:00,0.0,0.0,0.0
3,2025-01-01 02:00,0.0,0.0,0.0
4,2025-01-01 03:00,0.0,0.0,0.0
5,2025-01-01 04:00,0.0,0.0,0.0
6,2025-01-01 05:00,0.0,0.0,0.0
7,2025-01-01 06:00,0.0,0.0,0.0
8,2025-01-01 07:00,100.0,0.20391,0.025489
9,2025-01-01 08:00,100.0,0.706384,0.101144
10,2025-01-01 09:00,100.0,0.840205,0.17505
11,2025-01-01 10:00,100.0,0.909107,0.241782
12,2025-01-01 11:00,100.0,0.954803,0.301201
13,2025-01-01 12:00,100.0,0.952839,0.351327
14,2025-01-01 13:00,100.0,0.96112,0.394883
15,2025-01-01 14:00,100.0,0.948513,0.431792
16,2025-01-01 15:00,100.0,0.918099,0.462186
17,2025-01-01 16:00,100.0,0.840722,0.484453
18,2025-01-01 17:00,80.787,0.796561,0.501792
19,2025-01-01 18:00,78.7037,0.774512,0.516146
20,2025-01-01 19:00,76.6975,0.755305,0.528104
21,2025-01-01 20:00,73.1481,0.720901,0.537285
22,2025-01-01 21:00,70.0617,0.68961,0.544209
23,2025-01-01 22:00,67.4383,0.670704,0.549708
24,2025-01-01 23:00,66.7438,0.595068,0.551598
25,2025-01-02 00:00,56.8673,0.434464,0.546913
26,2025-01-02 01:00,42.5154,0.356773,0.5396
27,2025-01-02 02:00,30.8642,0.300866,0.530758
28,2025-01-02 03:00,29.3981,0.266147,0.521308
29,2025-01-02 04:00,23.9198,0.237657,0.511527
30,2025-01-02 05:00,23.534,0.231731,0.5022
31,2025-01-02 06:00,22.8395,0.226691,0.493313
32,2025-01-02 07:00,100.0,0.422384,0.491096
33,2025-01-02 08:00,100.0,0.850732,0.501994
34,2025-01-02 09:00,100.0,0.948162,0.515117
35,2025-01-02 10:00,100.0,0.993258,0.528778
36,2025-01-02 11:00,100.0,0.996363,0.541766
37,2025-01-02 12:00,100.0,0.997693,0.554089
38,2025-01-02 13:00,100.0,0.996311,0.565726
39,2025-01-02 14:00,100.0,0.992778,0.576676
40,2025-01-02 15:00,100.0,0.982122,0.586812
41,2025-01-02 16:00,100.0,0.93374,0.595274
42,2025-01-02 17:00,88.966,0.87964,0.602045
43,2025-01-02 18:00,86.9599,0.865136,0.608163
44,2025-01-02 19:00,86.1111,0.852623,0.613719
45,2025-01-02 20:00,84.3364,0.84045,0.618757
46,2025-01-02 21:00,83.7963,0.828239,0.623311
47,2025-01-02 22:00,81.3272,0.800352,0.627078
48,2025-01-02 23:00,78.9352,0.764239,0.629936
49,2025-01-03 00:00,64.892,0.645081,0.630245
50,2025-01-03 01:00,64.1204,0.637596,0.630392
51,2025-01-03 02:00,63.0401,0.627655,0.630338
52,2025-01-03 03:00,62.6543,0.619416,0.630128
53,2025-01-03 04:00,61.3426,0.602899,0.629614
54,2025-01-03 05:00,59.3364,0.581923,0.628731
55,2025-01-03 06:00,56.0185,0.557977,0.627445
56,2025-01-03 07:00,100.0,0.600707,0.626967
57,2025-01-03 08:00,100.0,0.745839,0.629053
58,2025-01-03 09:00,100.0,0.903185,0.633779
59,2025-01-03 10:00,100.0,0.969111,0.639463
60,2025-01-03 11:00,100.0,0.978887,0.64512
61,2025-01-03 12:00,100.0,0.969828,0.650443
62,2025-01-03 13:00,100.0,0.976522,0.655702
63,2025-01-03 14:00,100.0,0.972406,0.660729
64,2025-01-03 15:00,100.0,0.926022,0.664875
65,2025-01-03 16:00,100.0,0.878933,0.668168
66,2025-01-03 17:00,84.3364,0.829296,0.670609
67,2025-01-03 18:00,82.0216,0.799151,0.672528
68,2025-01-03 19:00,77.7006,0.768049,0.673932
69,2025-01-03 20:00,75.9259,0.738892,0.674874
70,2025-01-03 21:00,72.9167,0.719629,0.675513
71,2025-01-03 22:00,70.0617,0.690585,0.675725
72,2025-01-03 23:00,67.4383,0.655176,0.67544
73,2025-01-04 00:00,62.8858,0.626883,0.674775
74,2025-01-04 01:00,62.5,0.622377,0.674067
75,2025-01-04 02:00,61.9599,0.613069,0.673253
76,2025-01-04 03:00,60.571,0.601246,0.672306
77,2025-01-04 04:00,59.9537,0.577121,0.67107
78,2025-01-04 05:00,43.8272,0.43591,0.668055
79,2025-01-04 06:00,43.287,0.431538,0.665061
80,2025-01-04 07:00,100.0,0.518538,0.66323
81,2025-01-04 08:00,100.0,0.735416,0.664121
82,2025-01-04 09:00,100.0,0.929725,0.66736
83,2025-01-04 10:00,100.0,0.978284,0.671106
84,2025-01-04 11:00,100.0,0.992318,0.67493
85,2025-01-04 12:00,100.0,0.991904,0.678659
86,2025-01-04 13:00,100.0,0.991181,0.682293
87,2025-01-04 14:00,100.0,0.983241,0.685752
88,2025-01-04 15:00,100.0,0.962316,0.688895
89,2025-01-04 16:00,100.0,0.929256,0.691596
90,2025-01-04 17:00,89.7377,0.879257,0.693681
91,2025-01-04 18:00,85.108,0.845619,0.69535
92,2025-01-04 19:00,84.1821,0.830129,0.696815
93,2025-01-04 20:00,82.4074,0.813157,0.698066
94,2025-01-04 21:00,76.6975,0.752507,0.698645
95,2025-01-04 22:00,74.3056,0.736348,0.699042
96,2025-01-04 23:00,71.6821,0.712948,0.699187
97,2025-01-05 00:00,70.6019,0.704176,0.699239
98,2025-01-05 01:00,70.3704,0.672365,0.698964
99,2025-01-05 02:00,54.7068,0.544834,0.697407
100,2025-01-05 03:00,54.1667,0.538905,0.695822
101,2025-01-05 04:00,53.3951,0.527364,0.694155
102,2025-01-05 05:00,51.7747,0.509876,0.692348
103,2025-01-05 06:00,49.4599,0.489362,0.690377
104,2025-01-05 07:00,100.0,0.549448,0.689022
105,2025-01-05 08:00,100.0,0.877639,0.690818
106,2025-01-05 09:00,100.0,0.978739,0.693535
107,2025-01-05 10:00,100.0,0.996419,0.696365
108,2025-01-05 11:00,100.0,0.997485,0.699154
109,2025-01-05 12:00,100.0,0.999031,0.701905
110,2025-01-05 13:00,100.0,0.997693,0.704594
111,2025-01-05 14:00,100.0,0.99414,0.707202
112,2025-01-05 15:00,100.0,0.985169,0.709684
113,2025-01-05 16:00,100.0,0.964511,0.711939
114,2025-01-05 17:00,95.2932,0.932186,0.713871
115,2025-01-05 18:00,92.5926,0.90501,0.715533
116,2025-01-05 19:00,87.5772,0.868018,0.716848
117,2025-01-05 20:00,86.034,0.856994,0.718046
118,2025-01-05 21:00,85.4167,0.848253,0.719149
119,2025-01-05 22:00,83.9506,0.829443,0.720076
120,2025-01-05 23:00,81.713,0.807822,0.720807
121,2025-01-06 00:00,80.0926,0.792631,0.721401
122,2025-01-06 01:00,78.7037,0.780534,0.721885
123,2025-01-06 02:00,77.5463,0.766623,0.722249
124,2025-01-06 03:00,76.0802,0.751635,0.722486
125,2025-01-06 04:00,74.7685,0.74522,0.722668
126,2025-01-06 05:00,73.9198,0.725788,0.722693
127,2025-01-06 06:00,71.7593,0.712826,0.722615
128,2025-01-06 07:00,100.0,0.729955,0.722672
129,2025-01-06 08:00,100.0,0.855982,0.723706
130,2025-01-06 09:00,100.0,0.929622,0.72529
131,2025-01-06 10:00,100.0,0.984837,0.727271
132,2025-01-06 11:00,100.0,0.994384,0.729295
133,2025-01-06 12:00,100.0,0.994613,0.731289
134,2025-01-06 13:00,100.0,0.992339,0.733238
135,2025-01-06 14:00,100.0,0.987627,0.735122
136,2025-01-06 15:00,100.0,0.976018,0.736893
137,2025-01-06 16:00,100.0,0.942765,0.738396
138,2025-01-06 17:00,92.2068,0.89089,0.739501
139,2025-01-06 18:00,87.2685,0.859617,0.740365
140,2025-01-06 19:00,84.9537,0.842346,0.741094
141,2025-01-06 20:00,83.642,0.824402,0.741684
142,2025-01-06 21:00,81.0185,0.798473,0.742084
143,2025-01-06 22:00,79.4753,0.698262,0.741778
144,2025-01-06 23:00,65.5093,0.647743,0.741125
145,2025-01-07 00:00,64.2747,0.627776,0.740343
146,2025-01-07 01:00,61.2654,0.603719,0.739407
147,2025-01-07 02:00,59.0278,0.576116,0.738297
148,2025-01-07 03:00,57.2531,0.563839,0.737118
149,2025-01-07 04:00,55.7099,0.55598,0.735902
150,2025-01-07 05:00,55.4784,0.549391,0.734659
151,2025-01-07 06:00,53.7809,0.537281,0.733352
152,2025-01-07 07:00,100.0,0.644382,0.732766
153,2025-01-07 08:00,100.0,0.85188,0.733545
154,2025-01-07 09:00,100.0,0.968881,0.735073
155,2025-01-07 10:00,100.0,0.997845,0.736768
156,2025-01-07 11:00,100.0,0.999777,0.738454
157,2025-01-07 12:00,100.0,0.999951,0.74012
158,2025-01-07 13:00,100.0,0.999423,0.741761
159,2025-01-07 14:00,100.0,0.99651,0.743363
160,2025-01-07 15:00,100.0,0.989057,0.744899
161,2025-01-07 16:00,100.0,0.971039,0.746303
162,2025-01-07 17:00,95.4475,0.903855,0.747276
163,2025-01-07 18:00,87.8858,0.853859,0.74793
164,2025-01-07 19:00,84.1821,0.83316,0.748449
165,2025-01-07 20:00,82.4846,0.809743,0.748821
166,2025-01-07 21:00,80.0926,0.797613,0.749115
167,2025-01-07 22:00,79.0123,0.780762,0.749304
168,2025-01-07 23:00,77.4691,0.772058,0.74944
169,2025-01-08 00:00,76.5432,0.756878,0.749484
170,2025-01-08 01:00,74.9228,0.738242,0.749418
171,2025-01-08 02:00,73.3025,0.730912,0.749309
172,2025-01-08 03:00,72.6852,0.71843,0.74913
173,2025-01-08 04:00,71.2191,0.711646,0.748913
174,2025-01-08 05:00,70.9105,0.707494,0.748675
175,2025-01-08 06:00,70.679,0.699452,0.748394
176,2025-01-08 07:00,100.0,0.723292,0.748251
177,2025-01-08 08:00,100.0,0.873739,0.74896
178,2025-01-08 09:00,100.0,0.960284,0.750147
179,2025-01-08 10:00,100.0,0.996379,0.751523
180,2025-01-08 11:00,100.0,0.999313,0.7529
181,2025-01-08 12:00,100.0,0.999525,0.754262
182,2025-01-08 13:00,100.0,0.998607,0.755605
183,2025-01-08 14:00,100.0,0.994485,0.75691
184,2025-01-08 15:00,100.0,0.985397,0.758152
185,2025-01-08 16:00,100.0,0.962095,0.759254
186,2025-01-08 17:00,93.5957,0.896312,0.759991
187,2025-01-08 18:00,86.9599,0.857098,0.76051
188,2025-01-08 19:00,84.8765,0.842381,0.760946
189,2025-01-08 20:00,83.642,0.824401,0.761282
190,2025-01-08 21:00,80.9414,0.795771,0.761463
191,2025-01-08 22:00,78.9352,0.779854,0.76156
192,2025-01-08 23:00,77.392,0.7665,0.761585
193,2025-01-09 00:00,76.1574,0.758648,0.76157
194,2025-01-09 01:00,75.5401,0.746371,0.761492
195,2025-01-09 02:00,74.1512,0.740367,0.761383
196,2025-01-09 03:00,73.7654,0.733972,0.761243
197,2025-01-09 04:00,72.9167,0.724944,0.761059
198,2025-01-09 05:00,71.9136,0.707994,0.760791
199,2025-01-09 06:00,70.679,0.698573,0.760479
200,2025-01-09 07:00,100.0,0.71804,0.760266
201,2025-01-09 08:00,100.0,0.905395,0.760988
202,2025-01-09 09:00,100.0,0.978237,0.762064
203,2025-01-09 10:00,100.0,0.996705,0.76322
204,2025-01-09 11:00,100.0,0.999568,0.764378
205,2025-01-09 12:00,100.0,0.999725,0.765526
206,2025-01-09 13:00,100.0,0.999348,0.766661
207,2025-01-09 14:00,100.0,0.998009,0.767779
208,2025-01-09 15:00,100.0,0.992267,0.768858
209,2025-01-09 16:00,100.0,0.975772,0.769848
210,2025-01-09 17:00,95.9877,0.945226,0.770683
211,2025-01-09 18:00,92.7469,0.904296,0.771317
212,2025-01-09 19:00,87.5772,0.861455,0.771742
213,2025-01-09 20:00,85.0309,0.835099,0.772039
214,2025-01-09 21:00,82.0988,0.81006,0.772217
215,2025-01-09 22:00,79.9383,0.78361,0.77227
216,2025-01-09 23:00,77.0833,0.756816,0.772198
217,2025-01-10 00:00,74.537,0.72164,0.771965
218,2025-01-10 01:00,61.6512,0.603709,0.771194
219,2025-01-10 02:00,59.4136,0.594136,0.770385
220,2025-01-10 03:00,59.4136,0.58859,0.769559
221,2025-01-10 04:00,58.7963,0.584424,0.768721
222,2025-01-10 05:00,57.8704,0.578384,0.767864
223,2025-01-10 06:00,57.7932,0.577037,0.767008
224,2025-01-10 07:00,100.0,0.598586,0.766256
225,2025-01-10 08:00,100.0,0.848851,0.766623
226,2025-01-10 09:00,100.0,0.964989,0.767501
227,2025-01-10 10:00,100.0,0.996275,0.768509
228,2025-01-10 11:00,100.0,0.999631,0.769522
229,2025-01-10 12:00,100.0,0.999743,0.770528
230,2025-01-10 13:00,100.0,0.999109,0.771522
231,2025-01-10 14:00,100.0,0.997385,0.772499
232,2025-01-10 15:00,100.0,0.991821,0.773445
233,2025-01-10 16:00,100.0,0.977382,0.77432
234,2025-01-10 17:00,96.3735,0.946035,0.775054
235,2025-01-10 18:00,92.8241,0.910706,0.775631
236,2025-01-10 19:00,87.2685,0.870888,0.776035
237,2025-01-10 20:00,86.9599,0.858464,0.776382
238,2025-01-10 21:00,85.1852,0.847489,0.776681
239,2025-01-10 22:00,84.0278,0.834913,0.776925
240,2025-01-10 23:00,82.1759,0.818603,0.777099
241,2025-01-11 00:00,81.1728,0.805768,0.777218
242,2025-01-11 01:00,79.7068,0.794549,0.777289
243,2025-01-11 02:00,79.2438,0.697377,0.77696
244,2025-01-11 03:00,66.2809,0.654733,0.776459
245,2025-01-11 04:00,64.7377,0.639529,0.7759
246,2025-01-11 05:00,63.0401,0.628404,0.775301
247,2025-01-11 06:00,62.6543,0.624795,0.774692
248,2025-01-11 07:00,100.0,0.700257,0.774391
249,2025-01-11 08:00,100.0,0.889931,0.774855
250,2025-01-11 09:00,100.0,0.982605,0.775686
251,2025-01-11 10:00,100.0,0.998883,0.776576
252,2025-01-11 11:00,100.0,0.999856,0.777462
253,2025-01-11 12:00,100.0,0.999968,0.778341
254,2025-01-11 13:00,100.0,0.999669,0.779213
255,2025-01-11 14:00,100.0,0.998407,0.780072
256,2025-01-11 15:00,100.0,0.994313,0.780909
257,2025-01-11 16:00,100.0,0.982752,0.781694
258,2025-01-11 17:00,97.2994,0.964918,0.782405
259,2025-01-11 18:00,95.9105,0.936548,0.783
260,2025-01-11 19:00,92.5154,0.921566,0.783533
261,2025-01-11 20:00,91.6667,0.912944,0.784028
262,2025-01-11 21:00,90.2778,0.898853,0.784467
263,2025-01-11 22:00,89.5833,0.855998,0.784739
264,2025-01-11 23:00,84.3364,0.836833,0.784936
265,2025-01-12 00:00,83.3333,0.828057,0.785099
266,2025-01-12 01:00,82.4074,0.815161,0.785212
267,2025-01-12 02:00,81.0185,0.794149,0.785245
268,2025-01-12 03:00,78.4722,0.78269,0.785236
269,2025-01-12 04:00,78.1636,0.759713,0.785141
270,2025-01-12 05:00,65.2006,0.650358,0.784642
271,2025-01-12 06:00,64.892,0.648102,0.784138
272,2025-01-12 07:00,100.0,0.726315,0.783925
273,2025-01-12 08:00,100.0,0.910991,0.784391
274,2025-01-12 09:00,100.0,0.98436,0.78512
275,2025-01-12 10:00,100.0,0.997508,0.785893
276,2025-01-12 11:00,100.0,0.999851,0.786668
277,2025-01-12 12:00,100.0,0.999984,0.787438
278,2025-01-12 13:00,100.0,0.999767,0.788202
279,2025-01-12 14:00,100.0,0.998396,0.788955
280,2025-01-12 15:00,100.0,0.993945,0.789687
281,2025-01-12 16:00,100.0,0.982512,0.790374
282,2025-01-12 17:00,97.5309,0.969612,0.791009
283,2025-01-12 18:00,96.4506,0.948947,0.791567
284,2025-01-12 19:00,93.287,0.923792,0.792033
285,2025-01-12 20:00,91.9753,0.896706,0.7924
286,2025-01-12 21:00,86.1883,0.859171,0.792634
287,2025-01-12 22:00,85.4938,0.854217,0.792848
288,2025-01-12 23:00,85.4167,0.848107,0.79304
289,2025-01-13 00:00,84.1821,0.838822,0.793198
290,2025-01-13 01:00,83.4877,0.82571,0.793311
291,2025-01-13 02:00,81.1728,0.803337,0.793345
292,2025-01-13 03:00,79.1667,0.789855,0.793333
293,2025-01-13 04:00,78.7809,0.7805,0.793289
294,2025-01-13 05:00,77.7006,0.776303,0.793231
295,2025-01-13 06:00,77.5463,0.770295,0.793154
296,2025-01-13 07:00,100.0,0.781109,0.793113
297,2025-01-13 08:00,100.0,0.887086,0.793429
298,2025-01-13 09:00,100.0,0.974674,0.794038
299,2025-01-13 10:00,100.0,0.998464,0.794721
300,2025-01-13 11:00,100.0,1.0,0.795406
301,2025-01-13 12:00,100.0,1.0,0.796085
302,2025-01-13 13:00,100.0,0.999878,0.79676
303,2025-01-13 14:00,100.0,0.99888,0.797427
304,2025-01-13 15:00,100.0,0.99576,0.79808
305,2025-01-13 16:00,100.0,0.987426,0.7987
306,2025-01-13 17:00,97.9167,0.976694,0.799282
307,2025-01-13 18:00,96.8364,0.958216,0.7998
308,2025-01-13 19:00,94.5216,0.93202,0.800229
309,2025-01-13 20:00,92.6698,0.922014,0.800623
310,2025-01-13 21:00,91.358,0.903809,0.800956
311,2025-01-13 22:00,86.3426,0.861516,0.801151
312,2025-01-13 23:00,85.9568,0.854633,0.801322
313,2025-01-14 00:00,84.5679,0.835273,0.801431
314,2025-01-14 01:00,82.9475,0.822665,0.801498
315,2025-01-14 02:00,81.4815,0.803861,0.801506
316,2025-01-14 03:00,79.3981,0.789105,0.801467
317,2025-01-14 04:00,78.3951,0.783277,0.801409
318,2025-01-14 05:00,78.2407,0.771712,0.801316
319,2025-01-14 06:00,76.929,0.766714,0.801207
320,2025-01-14 07:00,100.0,0.777433,0.801133
321,2025-01-14 08:00,100.0,0.897976,0.801435
322,2025-01-14 09:00,100.0,0.968784,0.801954
323,2025-01-14 10:00,100.0,0.996564,0.802557
324,2025-01-14 11:00,100.0,1.0,0.803166
325,2025-01-14 12:00,100.0,1.0,0.803772
326,2025-01-14 13:00,100.0,1.0,0.804374
327,2025-01-14 14:00,100.0,0.999787,0.804971
328,2025-01-14 15:00,100.0,0.996586,0.805556
329,2025-01-14 16:00,100.0,0.977944,0.80608
330,2025-01-14 17:00,93.8272,0.934907,0.80647
331,2025-01-14 18:00,92.2068,0.912322,0.80679
332,2025-01-14 19:00,90.2778,0.891108,0.807044
333,2025-01-14 20:00,88.7346,0.881024,0.807266
334,2025-01-14 21:00,86.7284,0.856843,0.807414
335,2025-01-14 22:00,84.5679,0.84275,0.80752
336,2025-01-14 23:00,83.642,0.833784,0.807598
337,2025-01-15 00:00,83.1019,0.82159,0.80764
338,2025-01-15 01:00,80.8642,0.804086,0.807629
339,2025-01-15 02:00,79.7068,0.793203,0.807586
340,2025-01-15 03:00,78.4722,0.781988,0.807511
341,2025-01-15 04:00,77.7778,0.776167,0.807419
342,2025-01-15 05:00,77.4691,0.770681,0.807312
343,2025-01-15 06:00,76.5432,0.761095,0.807177
344,2025-01-15 07:00,63.5802,0.632517,0.806669
345,2025-01-15 08:00,62.8086,0.621646,0.806133
346,2025-01-15 09:00,61.6512,0.615356,0.805582
347,2025-01-15 10:00,60.7253,0.603891,0.805
348,2025-01-15 11:00,59.4907,0.591505,0.804387
349,2025-01-15 12:00,58.9506,0.589506,0.803771
350,2025-01-15 13:00,58.9506,0.588845,0.803157
351,2025-01-15 14:00,58.8735,0.587325,0.802542
352,2025-01-15 15:00,58.642,0.584343,0.801922
353,2025-01-15 16:00,58.3333,0.583333,0.801303
354,2025-01-15 17:00,58.3333,0.582543,0.800685
355,2025-01-15 18:00,58.1019,0.576901,0.800055
356,2025-01-15 19:00,57.4074,0.574074,0.79942
357,2025-01-15 20:00,57.4074,0.567319,0.79877
358,2025-01-15 21:00,56.4043,0.564043,0.798114
359,2025-01-15 22:00,56.4043,0.563591,0.797461
360,2025-01-15 23:00,56.3272,0.562805,0.796809
361,2025-01-16 00:00,56.25,0.5625,0.79616
362,2025-01-16 01:00,56.25,0.5625,0.795515
363,2025-01-16 02:00,56.25,0.5614,0.79487
364,2025-01-16 03:00,56.0957,0.560957,0.794227
365,2025-01-16 04:00,56.0957,0.560957,0.793588
366,2025-01-16 05:00,56.0957,0.560957,0.792952
367,2025-01-16 06:00,56.0957,0.560957,0.79232
368,2025-01-16 07:00,100.0,0.618006,0.791847
369,2025-01-16 08:00,100.0,0.902582,0.792147
370,2025-01-16 09:00,100.0,0.978814,0.792651
371,2025-01-16 10:00,100.0,0.998282,0.793205
372,2025-01-16 11:00,100.0,0.999804,0.793761
373,2025-01-16 12:00,100.0,0.999919,0.794313
374,2025-01-16 13:00,100.0,0.999609,0.794862
375,2025-01-16 14:00,100.0,0.99856,0.795406
376,2025-01-16 15:00,100.0,0.995101,0.795937
377,2025-01-16 16:00,100.0,0.985847,0.79644
378,2025-01-16 17:00,97.4537,0.966186,0.796889
379,2025-01-16 18:00,95.8333,0.950923,0.797296
380,2025-01-16 19:00,94.2901,0.925937,0.797634
381,2025-01-16 20:00,91.821,0.915859,0.797945
382,2025-01-16 21:00,90.4321,0.875171,0.798147
383,2025-01-16 22:00,85.8025,0.855011,0.798295
384,2025-01-16 23:00,85.1852,0.83947,0.798403
385,2025-01-17 00:00,83.642,0.831554,0.798489
386,2025-01-17 01:00,82.6389,0.820202,0.798545
387,2025-01-17 02:00,81.3272,0.805834,0.798564
388,2025-01-17 03:00,80.0154,0.793518,0.798551
389,2025-01-17 04:00,79.1667,0.789223,0.798527
390,2025-01-17 05:00,78.858,0.785885,0.798494
391,2025-01-17 06:00,78.3179,0.779222,0.798445
392,2025-01-17 07:00,100.0,0.791653,0.798428
393,2025-01-17 08:00,100.0,0.85439,0.79857
394,2025-01-17 09:00,100.0,0.930859,0.798906
395,2025-01-17 10:00,100.0,0.973924,0.799349
396,2025-01-17 11:00,100.0,0.987764,0.799825
397,2025-01-17 12:00,100.0,0.993448,0.800313
398,2025-01-17 13:00,100.0,0.990314,0.80079
399,2025-01-17 14:00,100.0,0.984177,0.80125
400,2025-01-17 15:00,100.0,0.959726,0.801646
401,2025-01-17 16:00,100.0,0.934335,0.801977
402,2025-01-17 17:00,90.3549,0.874638,0.802157
403,2025-01-17 18:00,85.6481,0.849465,0.802275
404,2025-01-17 19:00,84.4136,0.833387,0.802352
405,2025-01-17 20:00,82.1759,0.812457,0.802377
406,2025-01-17 21:00,80.4784,0.797268,0.802364
407,2025-01-17 22:00,78.1636,0.779542,0.802308
408,2025-01-17 23:00,77.7006,0.770734,0.802231
409,2025-01-18 00:00,76.1574,0.760279,0.802128
410,2025-01-18 01:00,75.6944,0.740901,0.801979
411,2025-01-18 02:00,73.4568,0.729852,0.801803
412,2025-01-18 03:00,72.4537,0.71865,0.801601
413,2025-01-18 04:00,71.6821,0.712474,0.801386
414,2025-01-18 05:00,70.9105,0.706945,0.801158
415,2025-01-18 06:00,70.5247,0.703119,0.800921
416,2025-01-18 07:00,100.0,0.730682,0.800752
417,2025-01-18 08:00,100.0,0.876462,0.800934
418,2025-01-18 09:00,100.0,0.966991,0.801331
419,2025-01-18 10:00,100.0,0.995482,0.801795
420,2025-01-18 11:00,100.0,0.999659,0.802266
421,2025-01-18 12:00,100.0,0.999894,0.802735
422,2025-01-18 13:00,100.0,0.999436,0.803201
423,2025-01-18 14:00,100.0,0.99802,0.803662
424,2025-01-18 15:00,100.0,0.993604,0.80411
425,2025-01-18 16:00,100.0,0.980354,0.804525
426,2025-01-18 17:00,96.6821,0.956314,0.804881
427,2025-01-18 18:00,93.8272,0.926061,0.805165
428,2025-01-18 19:00,91.5123,0.884105,0.805349
429,2025-01-18 20:00,86.3426,0.860939,0.805479
430,2025-01-18 21:00,85.108,0.834068,0.805545
431,2025-01-18 22:00,82.8704,0.822099,0.805584
432,2025-01-18 23:00,81.5586,0.813723,0.805602
433,2025-01-19 00:00,80.8642,0.802871,0.805596
434,2025-01-19 01:00,79.784,0.786336,0.805552
435,2025-01-19 02:00,77.5463,0.772021,0.805475
436,2025-01-19 03:00,76.3117,0.758726,0.805367
437,2025-01-19 04:00,75.6173,0.753427,0.805249
438,2025-01-19 05:00,75.0772,0.746736,0.805115
439,2025-01-19 06:00,74.3056,0.740093,0.804967
440,2025-01-19 07:00,100.0,0.742446,0.804825
441,2025-01-19 08:00,100.0,0.810668,0.804838
442,2025-01-19 09:00,100.0,0.859702,0.804962
443,2025-01-19 10:00,100.0,0.927471,0.805239
444,2025-01-19 11:00,100.0,0.955505,0.805577
445,2025-01-19 12:00,100.0,0.973452,0.805954
446,2025-01-19 13:00,100.0,0.980443,0.806346
447,2025-01-19 14:00,100.0,0.971941,0.806716
448,2025-01-19 15:00,100.0,0.956031,0.807049
449,2025-01-19 16:00,100.0,0.900178,0.807257
450,2025-01-19 17:00,84.9537,0.836685,0.807322
451,2025-01-19 18:00,82.2531,0.805099,0.807317
452,2025-01-19 19:00,78.6265,0.783016,0.807263
453,2025-01-19 20:00,78.0864,0.762728,0.807165
454,2025-01-19 21:00,73.8426,0.730608,0.806997
455,2025-01-19 22:00,72.2222,0.708553,0.80678
456,2025-01-19 23:00,70.216,0.688706,0.806521
457,2025-01-20 00:00,68.5185,0.683708,0.806252
458,2025-01-20 01:00,68.3642,0.682733,0.805983
459,2025-01-20 02:00,68.2099,0.682099,0.805713
460,2025-01-20 03:00,68.2099,0.680778,0.805441
461,2025-01-20 04:00,67.9784,0.679784,0.805169
462,2025-01-20 05:00,67.9784,0.67763,0.804893
463,2025-01-20 06:00,67.5154,0.675154,0.804612
464,2025-01-20 07:00,100.0,0.615598,0.804205
465,2025-01-20 08:00,100.0,0.869069,0.804345
466,2025-01-20 09:00,100.0,0.962552,0.804684
467,2025-01-20 10:00,100.0,0.998186,0.805098
468,2025-01-20 11:00,100.0,1.0,0.805515
469,2025-01-20 12:00,100.0,1.0,0.80593
470,2025-01-20 13:00,100.0,1.0,0.806342
471,2025-01-20 14:00,100.0,1.0,0.806754
472,2025-01-20 15:00,100.0,0.998334,0.80716
473,2025-01-20 16:00,100.0,0.989597,0.807545
474,2025-01-20 17:00,98.2253,0.979634,0.807908
475,2025-01-20 18:00,97.608,0.968902,0.808247
476,2025-01-20 19:00,95.6019,0.944079,0.808533
477,2025-01-20 20:00,93.3642,0.926901,0.808781
478,2025-01-20 21:00,92.284,0.885272,0.808941
479,2025-01-20 22:00,86.4198,0.84988,0.809026
480,2025-01-20 23:00,84.1821,0.838278,0.809087
481,2025-01-21 00:00,83.4105,0.828245,0.809127
482,2025-01-21 01:00,81.9444,0.81317,0.809135
483,2025-01-21 02:00,80.4012,0.795022,0.809106
484,2025-01-21 03:00,78.7037,0.776809,0.809039
485,2025-01-21 04:00,76.7747,0.762516,0.808944
486,2025-01-21 05:00,76.0802,0.70914,0.808738
487,2025-01-21 06:00,62.3457,0.616188,0.808343
488,2025-01-21 07:00,100.0,0.640057,0.807998
489,2025-01-21 08:00,100.0,0.844859,0.808073
490,2025-01-21 09:00,100.0,0.94262,0.808348
491,2025-01-21 10:00,100.0,0.993023,0.808724
492,2025-01-21 11:00,100.0,0.999617,0.809112
493,2025-01-21 12:00,100.0,0.999949,0.809499
494,2025-01-21 13:00,100.0,1.0,0.809885
495,2025-01-21 14:00,100.0,0.999722,0.810268
496,2025-01-21 15:00,100.0,0.995291,0.810641
497,2025-01-21 16:00,100.0,0.987364,0.810997
498,2025-01-21 17:00,97.8395,0.960685,0.811297
499,2025-01-21 18:00,91.4352,0.908637,0.811492
500,2025-01-21 19:00,90.2778,0.882617,0.811635
501,2025-01-21 20:00,87.1142,0.866224,0.811744
502,2025-01-21 21:00,85.7253,0.844815,0.81181
503,2025-01-21 22:00,83.7963,0.831826,0.811849
504,2025-01-21 23:00,82.6389,0.820278,0.811866
505,2025-01-22 00:00,81.4815,0.808435,0.811859
506,2025-01-22 01:00,79.784,0.779529,0.811795
507,2025-01-22 02:00,77.3148,0.765701,0.811705
508,2025-01-22 03:00,75.5401,0.753679,0.81159
509,2025-01-22 04:00,75.1543,0.750447,0.81147
510,2025-01-22 05:00,74.7685,0.743478,0.811337
511,2025-01-22 06:00,73.8426,0.736372,0.81119
512,2025-01-22 07:00,100.0,0.768125,0.811106
513,2025-01-22 08:00,100.0,0.905065,0.811289
514,2025-01-22 09:00,100.0,0.987822,0.811633
515,2025-01-22 10:00,100.0,0.998178,0.811995
516,2025-01-22 11:00,100.0,0.999874,0.812359
517,2025-01-22 12:00,100.0,1.0,0.812722
518,2025-01-22 13:00,100.0,0.999807,0.813083
519,2025-01-22 14:00,100.0,0.999268,0.813442
520,2025-01-22 15:00,100.0,0.997239,0.813795
521,2025-01-22 16:00,100.0,0.990802,0.814135
522,2025-01-22 17:00,98.3796,0.976439,0.814446
523,2025-01-22 18:00,96.9907,0.963301,0.814731
524,2025-01-22 19:00,94.9074,0.933716,0.814958
525,2025-01-22 20:00,92.5926,0.895783,0.815112
526,2025-01-22 21:00,88.0401,0.87856,0.815232
527,2025-01-22 22:00,87.6543,0.862553,0.815322
528,2025-01-22 23:00,85.3395,0.850494,0.815389
529,2025-01-23 00:00,84.7222,0.843851,0.815442
530,2025-01-23 01:00,84.0278,0.833754,0.815477
531,2025-01-23 02:00,82.5617,0.82156,0.815488
532,2025-01-23 03:00,81.4043,0.807292,0.815473
533,2025-01-23 04:00,80.4012,0.800611,0.815445
534,2025-01-23 05:00,79.5525,0.787066,0.815392
535,2025-01-23 06:00,78.1636,0.779341,0.815325
536,2025-01-23 07:00,100.0,0.795966,0.815288
537,2025-01-23 08:00,100.0,0.889324,0.815426
538,2025-01-23 09:00,100.0,0.973971,0.815721
539,2025-01-23 10:00,100.0,0.997931,0.816059
540,2025-01-23 11:00,100.0,0.999998,0.8164
541,2025-01-23 12:00,100.0,1.0,0.816739
542,2025-01-23 13:00,100.0,1.0,0.817077
543,2025-01-23 14:00,100.0,0.999544,0.817413
544,2025-01-23 15:00,100.0,0.996289,0.817742
545,2025-01-23 16:00,100.0,0.985801,0.81805
546,2025-01-23 17:00,100.0,0.973931,0.818336
547,2025-01-23 18:00,96.9907,0.961949,0.818598
548,2025-01-23 19:00,94.6759,0.938693,0.818818
549,2025-01-23 20:00,93.4414,0.923007,0.819007
550,2025-01-23 21:00,91.821,0.914371,0.819181
551,2025-01-23 22:00,90.9722,0.898249,0.819324
552,2025-01-23 23:00,89.5062,0.85773,0.819394
553,2025-01-24 00:00,85.108,0.846919,0.819444
554,2025-01-24 01:00,84.5679,0.836844,0.819475
555,2025-01-24 02:00,82.9475,0.816347,0.819469
556,2025-01-24 03:00,80.0154,0.797037,0.819429
557,2025-01-24 04:00,79.0123,0.78671,0.81937
558,2025-01-24 05:00,78.3951,0.782112,0.819304
559,2025-01-24 06:00,78.0864,0.777031,0.819228
560,2025-01-24 07:00,100.0,0.790593,0.819177
561,2025-01-24 08:00,100.0,0.882668,0.81929
562,2025-01-24 09:00,100.0,0.962118,0.819544
563,2025-01-24 10:00,100.0,0.995447,0.819857
564,2025-01-24 11:00,100.0,0.99968,0.820175
565,2025-01-24 12:00,100.0,0.999069,0.820492
566,2025-01-24 13:00,100.0,0.997422,0.820805
567,2025-01-24 14:00,100.0,0.993754,0.82111
568,2025-01-24 15:00,100.0,0.987602,0.821403
569,2025-01-24 16:00,100.0,0.966767,0.821658
570,2025-01-24 17:00,100.0,0.886595,0.821772
571,2025-01-24 18:00,86.4198,0.860066,0.821839
572,2025-01-24 19:00,85.571,0.84793,0.821885
573,2025-01-24 20:00,84.1821,0.823493,0.821888
574,2025-01-24 21:00,80.7099,0.803891,0.821856
575,2025-01-24 22:00,79.9383,0.786381,0.821795
576,2025-01-24 23:00,77.6235,0.769502,0.821704
577,2025-01-25 00:00,76.1574,0.759628,0.821596
578,2025-01-25 01:00,75.8488,0.750944,0.821474
579,2025-01-25 02:00,74.7685,0.74556,0.821343
580,2025-01-25 03:00,74.2284,0.741058,0.821204
581,2025-01-25 04:00,73.9198,0.738049,0.821061
582,2025-01-25 05:00,73.7654,0.732676,0.820909
583,2025-01-25 06:00,73.2253,0.732079,0.820757
584,2025-01-25 07:00,100.0,0.745639,0.820628
585,2025-01-25 08:00,100.0,0.848413,0.820676
586,2025-01-25 09:00,100.0,0.928374,0.82086
587,2025-01-25 10:00,100.0,0.979582,0.82113
588,2025-01-25 11:00,100.0,0.995105,0.821426
589,2025-01-25 12:00,100.0,0.994553,0.82172
590,2025-01-25 13:00,100.0,0.997136,0.822017
591,2025-01-25 14:00,100.0,0.993032,0.822307
592,2025-01-25 15:00,100.0,0.983658,0.822579
593,2025-01-25 16:00,100.0,0.93415,0.822767
594,2025-01-25 17:00,100.0,0.880323,0.822864
595,2025-01-25 18:00,87.5,0.863578,0.822933
596,2025-01-25 19:00,84.8765,0.846286,0.822972
597,2025-01-25 20:00,84.4136,0.83667,0.822995
598,2025-01-25 21:00,83.0247,0.822166,0.822993
599,2025-01-25 22:00,81.25,0.801394,0.822957
600,2025-01-25 23:00,79.6296,0.788426,0.8229
601,2025-01-26 00:00,78.4722,0.77455,0.822819
602,2025-01-26 01:00,76.1574,0.759647,0.822714
603,2025-01-26 02:00,75.8488,0.753657,0.8226
604,2025-01-26 03:00,73.9969,0.733676,0.822453
605,2025-01-26 04:00,72.9167,0.725489,0.822292
606,2025-01-26 05:00,72.3765,0.722058,0.822127
607,2025-01-26 06:00,72.0679,0.708347,0.82194
608,2025-01-26 07:00,100.0,0.732933,0.821793
609,2025-01-26 08:00,100.0,0.865569,0.821865
610,2025-01-26 09:00,100.0,0.942094,0.822062
611,2025-01-26 10:00,100.0,0.987352,0.822333
612,2025-01-26 11:00,100.0,0.999873,0.822623
613,2025-01-26 12:00,100.0,0.999806,0.822912
614,2025-01-26 13:00,100.0,0.999341,0.823199
615,2025-01-26 14:00,100.0,0.996919,0.823482
616,2025-01-26 15:00,100.0,0.991215,0.823754
617,2025-01-26 16:00,100.0,0.981163,0.824009
618,2025-01-26 17:00,100.0,0.963073,0.824234
619,2025-01-26 18:00,95.5247,0.93749,0.824417
620,2025-01-26 19:00,92.1296,0.915335,0.824564
621,2025-01-26 20:00,91.2809,0.86963,0.824636
622,2025-01-26 21:00,86.3426,0.852338,0.824681
623,2025-01-26 22:00,84.4907,0.837165,0.824701
624,2025-01-26 23:00,83.4105,0.829191,0.824708
625,2025-01-27 00:00,82.2531,0.809441,0.824684
626,2025-01-27 01:00,79.784,0.787364,0.824624
627,2025-01-27 02:00,78.2407,0.770915,0.824538
628,2025-01-27 03:00,76.5432,0.762073,0.824439
629,2025-01-27 04:00,75.9259,0.757328,0.824332
630,2025-01-27 05:00,75.3086,0.742095,0.824202
631,2025-01-27 06:00,72.7623,0.722518,0.82404
632,2025-01-27 07:00,100.0,0.742028,0.823911
633,2025-01-27 08:00,100.0,0.866754,0.823978
634,2025-01-27 09:00,100.0,0.952752,0.824181
635,2025-01-27 10:00,100.0,0.993247,0.824448
636,2025-01-27 11:00,100.0,0.999971,0.824724
637,2025-01-27 12:00,100.0,1.0,0.824999
638,2025-01-27 13:00,100.0,1.0,0.825273
639,2025-01-27 14:00,100.0,1.0,0.825547
640,2025-01-27 15:00,100.0,0.99833,0.825817
641,2025-01-27 16:00,100.0,0.98903,0.826071
642,2025-01-27 17:00,100.0,0.979313,0.82631
643,2025-01-27 18:00,97.608,0.970204,0.826534
644,2025-01-27 19:00,95.2932,0.934613,0.826701
645,2025-01-27 20:00,92.6698,0.924326,0.826853
646,2025-01-27 21:00,92.2068,0.917564,0.826993
647,2025-01-27 22:00,90.6636,0.894651,0.827098
648,2025-01-27 23:00,85.9568,0.856049,0.827143
649,2025-01-28 00:00,84.1049,0.835759,0.827156
650,2025-01-28 01:00,82.0988,0.814009,0.827136
651,2025-01-28 02:00,80.7099,0.801213,0.827096
652,2025-01-28 03:00,79.5525,0.787347,0.827035
653,2025-01-28 04:00,77.7006,0.774433,0.826954
654,2025-01-28 05:00,77.1605,0.76965,0.826867
655,2025-01-28 06:00,76.8519,0.761687,0.826767
656,2025-01-28 07:00,100.0,0.78144,0.826698
657,2025-01-28 08:00,100.0,0.896689,0.826805
658,2025-01-28 09:00,100.0,0.973118,0.827027
659,2025-01-28 10:00,100.0,0.997898,0.827286
660,2025-01-28 11:00,100.0,1.0,0.827548
661,2025-01-28 12:00,100.0,1.0,0.827809
662,2025-01-28 13:00,100.0,1.0,0.828069
663,2025-01-28 14:00,100.0,1.0,0.828328
664,2025-01-28 15:00,100.0,0.999355,0.828586
665,2025-01-28 16:00,100.0,0.994125,0.828835
666,2025-01-28 17:00,100.0,0.984305,0.829068
667,2025-01-28 18:00,97.8395,0.975964,0.829288
668,2025-01-28 19:00,97.3765,0.954971,0.829477
669,2025-01-28 20:00,94.213,0.935077,0.829634
670,2025-01-28 21:00,93.0556,0.925172,0.829777
671,2025-01-28 22:00,91.9753,0.913488,0.829902
672,2025-01-28 23:00,91.1265,0.908459,0.830019
673,2025-01-29 00:00,90.7407,0.905644,0.830131
674,2025-01-29 01:00,89.3519,0.891395,0.830222
675,2025-01-29 02:00,88.8117,0.880774,0.830297
676,2025-01-29 03:00,87.8858,0.868662,0.830354
677,2025-01-29 04:00,82.4846,0.820869,0.83034
678,2025-01-29 05:00,81.5586,0.812081,0.830313
679,2025-01-29 06:00,81.0957,0.807293,0.830279
680,2025-01-29 07:00,100.0,0.807477,0.830245
681,2025-01-29 08:00,100.0,0.850588,0.830275
682,2025-01-29 09:00,100.0,0.870235,0.830334
683,2025-01-29 10:00,100.0,0.907036,0.830446
684,2025-01-29 11:00,100.0,0.92859,0.830589
685,2025-01-29 12:00,100.0,0.966653,0.830788
686,2025-01-29 13:00,100.0,0.971092,0.830993
687,2025-01-29 14:00,100.0,0.95667,0.831175
688,2025-01-29 15:00,100.0,0.936603,0.831329
689,2025-01-29 16:00,100.0,0.900656,0.831429
690,2025-01-29 17:00,100.0,0.833441,0.831432
691,2025-01-29 18:00,81.25,0.803842,0.831392
692,2025-01-29 19:00,80.0154,0.793176,0.831337
693,2025-01-29 20:00,79.0123,0.789352,0.831277
694,2025-01-29 21:00,78.7037,0.784823,0.83121
695,2025-01-29 22:00,78.3179,0.777355,0.831132
696,2025-01-29 23:00,77.3148,0.771445,0.831046
697,2025-01-30 00:00,76.6975,0.762155,0.830948
698,2025-01-30 01:00,75.9259,0.758749,0.830844
699,2025-01-30 02:00,75.6944,0.749392,0.830728
700,2025-01-30 03:00,74.9228,0.737113,0.830594
701,2025-01-30 04:00,73.2253,0.731569,0.830453
702,2025-01-30 05:00,73.1481,0.730997,0.830311
703,2025-01-30 06:00,72.9167,0.723165,0.830158
704,2025-01-30 07:00,100.0,0.732362,0.83002
705,2025-01-30 08:00,100.0,0.827918,0.830017
706,2025-01-30 09:00,100.0,0.873202,0.830078
707,2025-01-30 10:00,100.0,0.916002,0.830199
708,2025-01-30 11:00,100.0,0.958504,0.83038
709,2025-01-30 12:00,100.0,0.979934,0.830591
710,2025-01-30 13:00,100.0,0.983898,0.830807
711,2025-01-30 14:00,100.0,0.978931,0.831016
712,2025-01-30 15:00,100.0,0.962677,0.831201
713,2025-01-30 16:00,100.0,0.93925,0.831352
714,2025-01-30 17:00,100.0,0.886884,0.83143
715,2025-01-30 18:00,86.4198,0.857063,0.831466
716,2025-01-30 19:00,81.0957,0.802595,0.831425
717,2025-01-30 20:00,79.321,0.789705,0.831367
718,2025-01-30 21:00,78.7809,0.782005,0.831299
719,2025-01-30 22:00,77.5463,0.748191,0.831183
720,2025-01-30 23:00,61.8056,0.611124,0.830877
